 (1769387466.716249)  can0  0CF11E05   [8]  00 00 00 00 19 03 00 00
 (1769387466.747388)  can0  0CF11F05   [8]  00 3B 1E 00 01 06 00 00
 (1769387466.776192)  can0  0CF11E05   [8]  00 00 00 00 18 03 00 00
 (1769387466.809776)  can0  0CF11F05   [8]  00 3B 1E 00 01 06 00 00
 (1769387466.836184)  can0  0CF11E05   [8]  00 00 00 00 18 03 00 00
 (1769387466.867365)  can0  0CF11F05   [8]  00 3B 1E 00 01 06 00 00
 (1769387466.896195)  can0  0CF11E05   [8]  00 00 00 00 19 03 00 00
 (1769387466.929815)  can0  0CF11F05   [8]  00 3B 1E 00 01 06 00 00
 (1769387466.956232)  can0  0CF11E05   [8]  00 00 00 00 18 03 00 00
 (1769387466.987402)  can0  0CF11F05   [8]  00 3B 1E 00 01 06 00 00
 (1769387467.016240)  can0  0CF11E05   [8]  00 00 00 00 18 03 00 00
 (1769387467.049812)  can0  0CF11F05   [8]  00 3B 1E 00 01 06 00 00
 (1769387467.076244)  can0  0CF11E05   [8]  00 00 00 00 19 03 00 00
 (1769387467.107450)  can0  0CF11F05   [8]  00 3B 1E 00 01 06 00 00
 (1769387467.136227)  can0  0CF11E05   [8]  00 00 00 00 18 03 00 00
 (1769387467.169862)  can0  0CF11F05   [8]  00 3B 1E 00 01 06 00 00
 (1769387467.196245)  can0  0CF11E05   [8]  00 00 00 00 18 03 00 00
 (1769387467.227476)  can0  0CF11F05   [8]  00 3B 1E 00 01 06 00 00
 (1769387467.256259)  can0  0CF11E05   [8]  00 00 00 00 18 03 00 00
 (1769387467.289886)  can0  0CF11F05   [8]  00 3B 1E 00 01 06 00 00
 (1769387467.316273)  can0  0CF11E05   [8]  00 00 00 00 18 03 00 00
 (1769387467.347490)  can0  0CF11F05   [8]  00 3B 1E 00 01 06 00 00
 (1769387467.376278)  can0  0CF11E05   [8]  00 00 00 00 19 03 00 00
 (1769387467.409908)  can0  0CF11F05   [8]  00 3B 1E 00 01 06 00 00
 (1769387467.436294)  can0  0CF11E05   [8]  00 00 00 00 18 03 00 00
 (1769387467.467560)  can0  0CF11F05   [8]  00 3B 1E 00 01 06 00 00
 (1769387467.496315)  can0  0CF11E05   [8]  00 00 00 00 18 03 00 00
 (1769387467.529934)  can0  0CF11F05   [8]  00 3B 1E 00 01 06 00 00
 (1769387467.556316)  can0  0CF11E05   [8]  00 00 00 00 19 03 00 00
 (1769387467.587546)  can0  0CF11F05   [8]  00 3B 1E 00 01 06 00 00
 (1769387467.616330)  can0  0CF11E05   [8]  00 00 00 00 18 03 00 00
 (1769387467.649954)  can0  0CF11F05   [8]  00 3B 1E 00 01 06 00 00
 (1769387467.676332)  can0  0CF11E05   [8]  00 00 00 00 19 03 00 00
 (1769387467.707569)  can0  0CF11F05   [8]  00 3B 1E 00 01 06 00 00
 (1769387467.736347)  can0  0CF11E05   [8]  00 00 00 00 18 03 00 00
 (1769387467.769974)  can0  0CF11F05   [8]  00 3B 1E 00 01 06 00 00
 (1769387467.796360)  can0  0CF11E05   [8]  00 00 00 00 18 03 00 00
 (1769387467.827590)  can0  0CF11F05   [8]  00 3B 1E 00 01 06 00 00
 (1769387467.856371)  can0  0CF11E05   [8]  00 00 00 00 19 03 00 00
 (1769387467.890001)  can0  0CF11F05   [8]  00 3B 1E 00 01 06 00 00
 (1769387467.916384)  can0  0CF11E05   [8]  00 00 00 00 19 03 00 00
 (1769387467.947614)  can0  0CF11F05   [8]  00 3B 1E 00 01 06 00 00
 (1769387467.976389)  can0  0CF11E05   [8]  00 00 00 00 19 03 00 00
 (1769387468.010021)  can0  0CF11F05   [8]  00 3B 1E 00 01 06 00 00
 (1769387468.036409)  can0  0CF11E05   [8]  00 00 00 00 18 03 00 00
 (1769387468.067639)  can0  0CF11F05   [8]  00 3B 1E 00 01 06 00 00
 (1769387468.096415)  can0  0CF11E05   [8]  00 00 00 00 18 03 00 00
 (1769387468.130048)  can0  0CF11F05   [8]  00 3B 1E 00 01 06 00 00
 (1769387468.156428)  can0  0CF11E05   [8]  00 00 00 00 19 03 00 00
 (1769387468.187657)  can0  0CF11F05   [8]  00 3B 1E 00 01 06 00 00
 (1769387468.216439)  can0  0CF11E05   [8]  00 00 00 00 19 03 00 00
 (1769387468.250065)  can0  0CF11F05   [8]  00 3B 1E 00 01 06 00 00
 (1769387468.276470)  can0  0CF11E05   [8]  00 00 00 00 19 03 00 00
 (1769387468.307682)  can0  0CF11F05   [8]  00 3B 1E 00 01 06 00 00
 (1769387468.336466)  can0  0CF11E05   [8]  00 00 00 00 18 03 00 00
 (1769387468.370096)  can0  0CF11F05   [8]  00 3B 1E 00 01 06 00 00
 (1769387468.396492)  can0  0CF11E05   [8]  00 00 00 00 18 03 00 00
 (1769387468.427672)  can0  0CF11F05   [8]  00 3B 1E 00 01 06 00 00
 (1769387468.456506)  can0  0CF11E05   [8]  00 00 00 00 18 03 00 00
 (1769387468.490112)  can0  0CF11F05   [8]  00 3B 1E 00 01 06 00 00
 (1769387468.516520)  can0  0CF11E05   [8]  00 00 00 00 19 03 00 00
 (1769387468.547697)  can0  0CF11F05   [8]  00 3B 1E 00 01 06 00 00
 (1769387468.576504)  can0  0CF11E05   [8]  00 00 00 00 18 03 00 00
 (1769387468.610137)  can0  0CF11F05   [8]  00 3B 1E 00 01 06 00 00
 (1769387468.636553)  can0  0CF11E05   [8]  00 00 00 00 18 03 00 00
 (1769387468.667746)  can0  0CF11F05   [8]  00 3B 1E 00 01 06 00 00
 (1769387468.696554)  can0  0CF11E05   [8]  00 00 00 00 19 03 00 00
 (1769387468.730136)  can0  0CF11F05   [8]  00 3B 1E 00 01 06 00 00
 (1769387468.756536)  can0  0CF11E05   [8]  00 00 00 00 19 03 00 00
 (1769387468.787769)  can0  0CF11F05   [8]  00 3B 1E 00 01 06 00 00
 (1769387468.816582)  can0  0CF11E05   [8]  00 00 00 00 19 03 00 00
 (1769387468.850176)  can0  0CF11F05   [8]  00 3B 1E 00 01 06 00 00
 (1769387468.876561)  can0  0CF11E05   [8]  00 00 00 00 19 03 00 00
 (1769387468.907795)  can0  0CF11F05   [8]  00 3B 1E 00 01 06 00 00
 (1769387468.936573)  can0  0CF11E05   [8]  00 00 00 00 18 03 00 00
 (1769387468.970205)  can0  0CF11F05   [8]  00 3B 1E 00 01 06 00 00
 (1769387468.996587)  can0  0CF11E05   [8]  00 00 00 00 18 03 00 00
 (1769387469.027818)  can0  0CF11F05   [8]  00 3B 1E 00 01 06 00 00
 (1769387469.056600)  can0  0CF11E05   [8]  00 00 00 00 18 03 00 00
 (1769387469.090224)  can0  0CF11F05   [8]  00 3B 1E 00 01 06 00 00
 (1769387469.116612)  can0  0CF11E05   [8]  00 00 00 00 19 03 00 00
 (1769387469.147837)  can0  0CF11F05   [8]  00 3B 1E 00 01 06 00 00
 (1769387469.176623)  can0  0CF11E05   [8]  00 00 00 00 18 03 00 00
 (1769387469.210248)  can0  0CF11F05   [8]  00 3B 1E 00 01 06 00 00
 (1769387469.236632)  can0  0CF11E05   [8]  00 00 00 00 19 03 00 00
 (1769387469.267866)  can0  0CF11F05   [8]  00 3B 1E 00 01 06 00 00
 (1769387469.296646)  can0  0CF11E05   [8]  00 00 00 00 18 03 00 00
 (1769387469.330275)  can0  0CF11F05   [8]  00 3B 1E 00 01 06 00 00
 (1769387469.356653)  can0  0CF11E05   [8]  00 00 00 00 19 03 00 00
 (1769387469.387860)  can0  0CF11F05   [8]  00 3B 1E 00 01 06 00 00
 (1769387469.416691)  can0  0CF11E05   [8]  00 00 00 00 18 03 00 00
 (1769387469.450276)  can0  0CF11F05   [8]  00 3B 1E 00 01 06 00 00
 (1769387469.476706)  can0  0CF11E05   [8]  00 00 00 00 19 03 00 00
 (1769387469.507884)  can0  0CF11F05   [8]  00 3B 1E 00 01 06 00 00
 (1769387469.536718)  can0  0CF11E05   [8]  00 00 00 00 19 03 00 00
 (1769387469.570290)  can0  0CF11F05   [8]  00 3B 1E 00 01 06 00 00
 (1769387469.596726)  can0  0CF11E05   [8]  00 00 00 00 18 03 00 00
 (1769387469.627904)  can0  0CF11F05   [8]  00 3B 1E 00 01 06 00 00
 (1769387469.656732)  can0  0CF11E05   [8]  00 00 00 00 19 03 00 00
 (1769387469.690318)  can0  0CF11F05   [8]  00 3B 1E 00 01 06 00 00
 (1769387469.716719)  can0  0CF11E05   [8]  00 00 00 00 18 03 00 00
 (1769387469.747949)  can0  0CF11F05   [8]  00 3B 1E 00 01 06 00 00
 (1769387469.776727)  can0  0CF11E05   [8]  00 00 00 00 19 03 00 00
 (1769387469.810343)  can0  0CF11F05   [8]  00 3B 1E 00 01 06 00 00
 (1769387469.836739)  can0  0CF11E05   [8]  00 00 00 00 19 03 00 00
 (1769387469.867970)  can0  0CF11F05   [8]  00 3B 1E 00 01 06 00 00
 (1769387469.896747)  can0  0CF11E05   [8]  00 00 00 00 19 03 00 00
 (1769387469.930369)  can0  0CF11F05   [8]  00 3B 1E 00 01 06 00 00
 (1769387469.956766)  can0  0CF11E05   [8]  00 00 00 00 18 03 00 00
 (1769387469.987996)  can0  0CF11F05   [8]  00 3B 1E 00 01 06 00 00
 (1769387470.016790)  can0  0CF11E05   [8]  00 00 00 00 18 03 00 00
 (1769387470.050408)  can0  0CF11F05   [8]  00 3B 1E 00 01 06 00 00
 (1769387470.076797)  can0  0CF11E05   [8]  00 00 00 00 18 03 00 00
 (1769387470.108027)  can0  0CF11F05   [8]  00 3B 1E 00 01 06 00 00
 (1769387470.136842)  can0  0CF11E05   [8]  00 00 00 00 18 03 00 00
 (1769387470.170440)  can0  0CF11F05   [8]  00 3B 1E 00 01 06 00 00
 (1769387470.196838)  can0  0CF11E05   [8]  00 00 00 00 18 03 00 00
 (1769387470.228024)  can0  0CF11F05   [8]  00 3B 1E 00 01 06 00 00
 (1769387470.256849)  can0  0CF11E05   [8]  00 00 00 00 19 03 00 00
 (1769387470.290428)  can0  0CF11F05   [8]  00 3B 1E 00 01 06 00 00
 (1769387470.316866)  can0  0CF11E05   [8]  00 00 00 00 18 03 00 00
 (1769387470.348040)  can0  0CF11F05   [8]  00 3B 1E 00 01 06 00 00
 (1769387470.376878)  can0  0CF11E05   [8]  00 00 00 00 18 03 00 00
 (1769387470.410454)  can0  0CF11F05   [8]  00 3B 1E 00 01 06 00 00
 (1769387470.436891)  can0  0CF11E05   [8]  00 00 00 00 18 03 00 00
 (1769387470.468086)  can0  0CF11F05   [8]  00 3B 1E 00 01 06 00 00
 (1769387470.496867)  can0  0CF11E05   [8]  00 00 00 00 18 03 00 00
 (1769387470.530477)  can0  0CF11F05   [8]  00 3B 1E 00 01 06 00 00
 (1769387470.556916)  can0  0CF11E05   [8]  00 00 00 00 18 03 00 00
 (1769387470.588110)  can0  0CF11F05   [8]  00 3B 1E 00 01 06 00 00
 (1769387470.616891)  can0  0CF11E05   [8]  00 00 00 00 18 03 00 00
 (1769387470.650519)  can0  0CF11F05   [8]  00 3B 1E 00 01 06 00 00
 (1769387470.676904)  can0  0CF11E05   [8]  00 00 00 00 18 03 00 00
 (1769387470.708114)  can0  0CF11F05   [8]  00 3B 1E 00 01 06 00 00
 (1769387470.736908)  can0  0CF11E05   [8]  00 00 00 00 19 03 00 00
 (1769387470.770520)  can0  0CF11F05   [8]  00 3B 1E 00 01 06 00 00
 (1769387470.796957)  can0  0CF11E05   [8]  00 00 00 00 19 03 00 00
 (1769387470.828135)  can0  0CF11F05   [8]  00 3B 1E 00 01 06 00 00
 (1769387470.856929)  can0  0CF11E05   [8]  00 00 00 00 19 03 00 00
 (1769387470.890544)  can0  0CF11F05   [8]  00 3B 1E 00 01 06 00 00
 (1769387470.916977)  can0  0CF11E05   [8]  00 00 00 00 18 03 00 00
 (1769387470.948153)  can0  0CF11F05   [8]  00 3B 1E 00 01 06 00 00
 (1769387470.976962)  can0  0CF11E05   [8]  00 00 00 00 18 03 00 00
 (1769387471.010598)  can0  0CF11F05   [8]  00 3B 1E 00 01 06 00 00
 (1769387471.036967)  can0  0CF11E05   [8]  00 00 00 00 19 03 00 00
 (1769387471.068205)  can0  0CF11F05   [8]  00 3B 1E 00 01 06 00 00
 (1769387471.097011)  can0  0CF11E05   [8]  00 00 00 00 19 03 00 00
 (1769387471.130594)  can0  0CF11F05   [8]  00 3B 1E 00 01 06 00 00
 (1769387471.157003)  can0  0CF11E05   [8]  00 00 00 00 18 03 00 00
 (1769387471.188224)  can0  0CF11F05   [8]  00 3B 1E 00 01 06 00 00
 (1769387471.217039)  can0  0CF11E05   [8]  00 00 00 00 18 03 00 00
 (1769387471.250614)  can0  0CF11F05   [8]  00 3B 1E 00 01 06 00 00
 (1769387471.277023)  can0  0CF11E05   [8]  00 00 00 00 19 03 00 00
 (1769387471.308249)  can0  0CF11F05   [8]  00 3B 1E 00 01 06 00 00
 (1769387471.337027)  can0  0CF11E05   [8]  00 00 00 00 19 03 00 00
 (1769387471.370662)  can0  0CF11F05   [8]  00 3B 1E 00 01 06 00 00
 (1769387471.397049)  can0  0CF11E05   [8]  00 00 00 00 18 03 00 00
 (1769387471.428277)  can0  0CF11F05   [8]  00 3B 1E 00 01 06 00 00
 (1769387471.457051)  can0  0CF11E05   [8]  00 00 00 00 19 03 00 00
 (1769387471.490682)  can0  0CF11F05   [8]  00 3B 1E 00 01 06 00 00
 (1769387471.517064)  can0  0CF11E05   [8]  00 00 00 00 19 03 00 00
 (1769387471.548302)  can0  0CF11F05   [8]  00 3B 1E 00 01 06 00 00
 (1769387471.577085)  can0  0CF11E05   [8]  00 00 00 00 18 03 00 00
 (1769387471.610711)  can0  0CF11F05   [8]  00 3B 1E 00 01 06 00 00
 (1769387471.637097)  can0  0CF11E05   [8]  00 00 00 00 18 03 00 00
 (1769387471.668323)  can0  0CF11F05   [8]  00 3B 1E 00 01 06 00 00
 (1769387471.697104)  can0  0CF11E05   [8]  00 00 00 00 19 03 00 00
 (1769387471.730726)  can0  0CF11F05   [8]  00 3B 1E 00 01 06 00 00
 (1769387471.757130)  can0  0CF11E05   [8]  00 00 00 00 19 03 00 00
 (1769387471.788318)  can0  0CF11F05   [8]  00 3B 1E 00 01 06 00 00
 (1769387471.817147)  can0  0CF11E05   [8]  00 00 00 00 19 03 00 00
 (1769387471.850728)  can0  0CF11F05   [8]  00 3B 1E 00 01 06 00 00
 (1769387471.877164)  can0  0CF11E05   [8]  00 00 00 00 18 03 00 00
 (1769387471.908346)  can0  0CF11F05   [8]  00 3B 1E 00 01 06 00 00
 (1769387471.937172)  can0  0CF11E05   [8]  00 00 00 00 19 03 00 00
 (1769387471.970793)  can0  0CF11F05   [8]  00 3B 1E 00 01 06 00 00
 (1769387471.997181)  can0  0CF11E05   [8]  00 00 00 00 19 03 00 00
 (1769387472.028400)  can0  0CF11F05   [8]  00 3B 1E 00 01 06 00 00
 (1769387472.057197)  can0  0CF11E05   [8]  00 00 00 00 19 03 00 00
 (1769387472.090811)  can0  0CF11F05   [8]  00 3B 1E 00 01 06 00 00
 (1769387472.117217)  can0  0CF11E05   [8]  00 00 00 00 18 03 00 00
 (1769387472.148395)  can0  0CF11F05   [8]  00 3B 1E 00 01 06 00 00
 (1769387472.177189)  can0  0CF11E05   [8]  00 00 00 00 19 03 00 00
 (1769387472.210798)  can0  0CF11F05   [8]  00 3B 1E 00 01 06 00 00
 (1769387472.237239)  can0  0CF11E05   [8]  00 00 00 00 18 03 00 00
 (1769387472.268415)  can0  0CF11F05   [8]  00 3B 1E 00 01 06 00 00
 (1769387472.297249)  can0  0CF11E05   [8]  00 00 00 00 18 03 00 00
 (1769387472.330823)  can0  0CF11F05   [8]  00 3B 1E 00 01 06 00 00
 (1769387472.357257)  can0  0CF11E05   [8]  00 00 00 00 19 03 00 00
 (1769387472.388440)  can0  0CF11F05   [8]  00 3B 1E 00 01 06 00 00
 (1769387472.417284)  can0  0CF11E05   [8]  00 00 00 00 18 03 00 00
 (1769387472.450854)  can0  0CF11F05   [8]  00 3B 1E 00 01 06 00 00
 (1769387472.477288)  can0  0CF11E05   [8]  00 00 00 00 18 03 00 00
 (1769387472.508461)  can0  0CF11F05   [8]  00 3B 1E 00 01 06 00 00
 (1769387472.537294)  can0  0CF11E05   [8]  00 00 00 00 18 03 00 00
 (1769387472.570875)  can0  0CF11F05   [8]  00 3B 1E 00 01 06 00 00
 (1769387472.597275)  can0  0CF11E05   [8]  00 00 00 00 18 03 00 00
 (1769387472.628486)  can0  0CF11F05   [8]  00 3B 1E 00 01 06 00 00
 (1769387472.657285)  can0  0CF11E05   [8]  00 00 00 00 19 03 00 00
 (1769387472.690918)  can0  0CF11F05   [8]  00 3B 1E 00 01 06 00 00
 (1769387472.717304)  can0  0CF11E05   [8]  00 00 00 00 18 03 00 00
 (1769387472.748534)  can0  0CF11F05   [8]  00 3B 1E 00 01 06 00 00
 (1769387472.777312)  can0  0CF11E05   [8]  00 00 00 00 19 03 00 00
 (1769387472.810943)  can0  0CF11F05   [8]  00 3B 1E 00 01 06 00 00
 (1769387472.837324)  can0  0CF11E05   [8]  00 00 00 00 19 03 00 00
 (1769387472.868555)  can0  0CF11F05   [8]  00 3B 1E 00 01 06 00 00
 (1769387472.897341)  can0  0CF11E05   [8]  00 00 00 00 18 03 00 00
 (1769387472.930960)  can0  0CF11F05   [8]  00 3B 1E 00 01 06 00 00
 (1769387472.957349)  can0  0CF11E05   [8]  00 00 00 00 19 03 00 00
 (1769387472.988581)  can0  0CF11F05   [8]  00 3B 1E 00 01 06 00 00
 (1769387473.017367)  can0  0CF11E05   [8]  00 00 00 00 18 03 00 00
 (1769387473.050988)  can0  0CF11F05   [8]  00 3B 1E 00 01 06 00 00
 (1769387473.077370)  can0  0CF11E05   [8]  00 00 00 00 19 03 00 00
 (1769387473.108603)  can0  0CF11F05   [8]  00 3B 1E 00 01 06 00 00
 (1769387473.137383)  can0  0CF11E05   [8]  00 00 00 00 19 03 00 00
 (1769387473.171018)  can0  0CF11F05   [8]  00 3B 1E 00 01 06 00 00
 (1769387473.197395)  can0  0CF11E05   [8]  00 00 00 00 19 03 00 00
 (1769387473.228596)  can0  0CF11F05   [8]  00 3B 1E 00 01 06 00 00
 (1769387473.257426)  can0  0CF11E05   [8]  00 00 00 00 19 03 00 00
 (1769387473.291014)  can0  0CF11F05   [8]  00 3B 1E 00 01 06 00 00
 (1769387473.317448)  can0  0CF11E05   [8]  00 00 00 00 18 03 00 00
 (1769387473.348625)  can0  0CF11F05   [8]  00 3B 1E 00 01 06 00 00
 (1769387473.377424)  can0  0CF11E05   [8]  00 00 00 00 19 03 00 00
 (1769387473.411059)  can0  0CF11F05   [8]  00 3B 1E 00 01 06 00 00
 (1769387473.437464)  can0  0CF11E05   [8]  00 00 00 00 19 03 00 00
 (1769387473.468688)  can0  0CF11F05   [8]  00 3B 1E 00 01 06 00 00
 (1769387473.497453)  can0  0CF11E05   [8]  00 00 00 00 19 03 00 00
 (1769387473.531086)  can0  0CF11F05   [8]  00 3B 1E 00 01 06 00 00
 (1769387473.557494)  can0  0CF11E05   [8]  00 00 00 00 18 03 00 00
 (1769387473.588668)  can0  0CF11F05   [8]  00 3B 1E 00 01 06 00 00
 (1769387473.617478)  can0  0CF11E05   [8]  00 00 00 00 18 03 00 00
 (1769387473.651113)  can0  0CF11F05   [8]  00 3B 1E 00 01 06 00 00
 (1769387473.677482)  can0  0CF11E05   [8]  00 00 00 00 18 03 00 00
 (1769387473.708712)  can0  0CF11F05   [8]  00 3B 1E 00 01 06 00 00
 (1769387473.737499)  can0  0CF11E05   [8]  00 00 00 00 18 03 00 00
 (1769387473.771130)  can0  0CF11F05   [8]  00 3B 1E 00 01 06 00 00
 (1769387473.797511)  can0  0CF11E05   [8]  00 00 00 00 19 03 00 00
 (1769387473.828741)  can0  0CF11F05   [8]  00 3B 1E 00 01 06 00 00
 (1769387473.857540)  can0  0CF11E05   [8]  00 00 00 00 19 03 00 00
 (1769387473.891151)  can0  0CF11F05   [8]  00 3B 1E 00 01 06 00 00
 (1769387473.917531)  can0  0CF11E05   [8]  00 00 00 00 19 03 00 00
 (1769387473.948765)  can0  0CF11F05   [8]  00 3B 1E 00 01 06 00 00
 (1769387473.977546)  can0  0CF11E05   [8]  00 00 00 00 18 03 00 00
 (1769387474.011181)  can0  0CF11F05   [8]  00 3B 1E 00 01 06 00 00
 (1769387474.037572)  can0  0CF11E05   [8]  00 00 00 00 19 03 00 00
 (1769387474.068755)  can0  0CF11F05   [8]  00 3B 1E 00 01 06 00 00
 (1769387474.097584)  can0  0CF11E05   [8]  00 00 00 00 19 03 00 00
 (1769387474.131171)  can0  0CF11F05   [8]  00 3B 1E 00 01 06 00 00
 (1769387474.157605)  can0  0CF11E05   [8]  00 00 00 00 18 03 00 00
 (1769387474.188800)  can0  0CF11F05   [8]  00 3B 1E 00 01 06 00 00
 (1769387474.217614)  can0  0CF11E05   [8]  00 00 00 00 19 03 00 00
 (1769387474.251191)  can0  0CF11F05   [8]  00 3B 1E 00 01 06 00 00
 (1769387474.277598)  can0  0CF11E05   [8]  00 00 00 00 18 03 00 00
 (1769387474.308811)  can0  0CF11F05   [8]  00 3B 1E 00 01 06 00 00
 (1769387474.337606)  can0  0CF11E05   [8]  00 00 00 00 19 03 00 00
 (1769387474.371217)  can0  0CF11F05   [8]  00 3B 1E 00 01 06 00 00
 (1769387474.397654)  can0  0CF11E05   [8]  00 00 00 00 19 03 00 00
 (1769387474.428845)  can0  0CF11F05   [8]  00 3B 1E 00 01 06 00 00
 (1769387474.457659)  can0  0CF11E05   [8]  00 00 00 00 19 03 00 00
 (1769387474.491238)  can0  0CF11F05   [8]  00 3B 1E 00 01 06 00 00
 (1769387474.517675)  can0  0CF11E05   [8]  00 00 00 00 18 03 00 00
 (1769387474.548853)  can0  0CF11F05   [8]  00 3B 1E 00 01 06 00 00
 (1769387474.577648)  can0  0CF11E05   [8]  00 00 00 00 19 03 00 00
 (1769387474.611263)  can0  0CF11F05   [8]  00 3B 1E 00 01 06 00 00
 (1769387474.637696)  can0  0CF11E05   [8]  00 00 00 00 19 03 00 00
 (1769387474.668874)  can0  0CF11F05   [8]  00 3B 1E 00 01 06 00 00
 (1769387474.697673)  can0  0CF11E05   [8]  00 00 00 00 19 03 00 00
 (1769387474.731282)  can0  0CF11F05   [8]  00 3B 1E 00 01 06 00 00
 (1769387474.757689)  can0  0CF11E05   [8]  00 00 00 00 18 03 00 00
 (1769387474.788915)  can0  0CF11F05   [8]  00 3B 1E 00 01 06 00 00
 (1769387474.817729)  can0  0CF11E05   [8]  00 00 00 00 19 03 00 00
 (1769387474.851308)  can0  0CF11F05   [8]  00 3B 1E 00 01 06 00 00
 (1769387474.877741)  can0  0CF11E05   [8]  00 00 00 00 19 03 00 00
 (1769387474.908948)  can0  0CF11F05   [8]  00 3B 1E 00 01 06 00 00
 (1769387474.937726)  can0  0CF11E05   [8]  00 00 00 00 19 03 00 00
 (1769387474.971357)  can0  0CF11F05   [8]  00 3B 1E 00 01 06 00 00
 (1769387474.997734)  can0  0CF11E05   [8]  00 00 00 00 19 03 00 00
 (1769387475.028971)  can0  0CF11F05   [8]  00 3B 1E 00 01 06 00 00
 (1769387475.057754)  can0  0CF11E05   [8]  00 00 00 00 18 03 00 00
 (1769387475.091374)  can0  0CF11F05   [8]  00 3B 1E 00 01 06 00 00
 (1769387475.117759)  can0  0CF11E05   [8]  00 00 00 00 19 03 00 00
 (1769387475.148993)  can0  0CF11F05   [8]  00 3B 1E 00 01 06 00 00
 (1769387475.177796)  can0  0CF11E05   [8]  00 00 00 00 19 03 00 00
 (1769387475.211407)  can0  0CF11F05   [8]  00 3B 1E 00 01 06 00 00
 (1769387475.237803)  can0  0CF11E05   [8]  00 00 00 00 19 03 00 00
 (1769387475.268985)  can0  0CF11F05   [8]  00 3B 1E 00 01 06 00 00
 (1769387475.297820)  can0  0CF11E05   [8]  00 00 00 00 18 03 00 00
 (1769387475.331430)  can0  0CF11F05   [8]  00 3B 1E 00 01 06 00 00
 (1769387475.357824)  can0  0CF11E05   [8]  00 00 00 00 19 03 00 00
 (1769387475.389007)  can0  0CF11F05   [8]  00 3B 1E 00 01 06 00 00
 (1769387475.417838)  can0  0CF11E05   [8]  00 00 00 00 19 03 00 00
 (1769387475.451423)  can0  0CF11F05   [8]  00 3B 1E 00 01 06 00 00
 (1769387475.477857)  can0  0CF11E05   [8]  00 00 00 00 18 03 00 00
 (1769387475.509031)  can0  0CF11F05   [8]  00 3B 1E 00 01 06 00 00
 (1769387475.537865)  can0  0CF11E05   [8]  00 00 00 00 19 03 00 00
 (1769387475.571440)  can0  0CF11F05   [8]  00 3B 1E 00 01 06 00 00
 (1769387475.597878)  can0  0CF11E05   [8]  00 00 00 00 19 03 00 00
 (1769387475.629056)  can0  0CF11F05   [8]  00 3B 1E 00 01 06 00 00
 (1769387475.657890)  can0  0CF11E05   [8]  00 00 00 00 18 03 00 00
 (1769387475.691469)  can0  0CF11F05   [8]  00 3B 1E 00 01 06 00 00
 (1769387475.717907)  can0  0CF11E05   [8]  00 00 00 00 18 03 00 00
 (1769387475.749100)  can0  0CF11F05   [8]  00 3B 1E 00 01 06 00 00
 (1769387475.777884)  can0  0CF11E05   [8]  00 00 00 00 18 03 00 00
 (1769387475.811494)  can0  0CF11F05   [8]  00 3B 1E 00 01 06 00 00
 (1769387475.837923)  can0  0CF11E05   [8]  00 00 00 00 18 03 00 00
 (1769387475.869098)  can0  0CF11F05   [8]  00 3B 1E 00 01 06 00 00
 (1769387475.897911)  can0  0CF11E05   [8]  00 00 00 00 18 03 00 00
 (1769387475.931535)  can0  0CF11F05   [8]  00 3B 1E 00 01 06 00 00
 (1769387475.957948)  can0  0CF11E05   [8]  00 00 00 00 18 03 00 00
 (1769387475.989122)  can0  0CF11F05   [8]  00 3B 1E 00 01 06 00 00
 (1769387476.017949)  can0  0CF11E05   [8]  00 00 00 00 19 03 00 00
 (1769387476.051568)  can0  0CF11F05   [8]  00 3B 1E 00 01 06 00 00
 (1769387476.077941)  can0  0CF11E05   [8]  00 00 00 00 18 03 00 00
 (1769387476.109167)  can0  0CF11F05   [8]  00 3B 1E 00 01 06 00 00
 (1769387476.137977)  can0  0CF11E05   [8]  00 00 00 00 19 03 00 00
 (1769387476.171559)  can0  0CF11F05   [8]  00 3B 1E 00 01 06 00 00
 (1769387476.197990)  can0  0CF11E05   [8]  00 00 00 00 18 03 00 00
 (1769387476.229168)  can0  0CF11F05   [8]  00 3B 1E 00 01 06 00 00
 (1769387476.258001)  can0  0CF11E05   [8]  00 00 00 00 18 03 00 00
 (1769387476.291613)  can0  0CF11F05   [8]  00 3B 1E 00 01 06 00 00
 (1769387476.318010)  can0  0CF11E05   [8]  00 00 00 00 19 03 00 00
 (1769387476.349224)  can0  0CF11F05   [8]  00 3B 1E 00 01 06 00 00
 (1769387476.378022)  can0  0CF11E05   [8]  00 00 00 00 18 03 00 00
 (1769387476.411634)  can0  0CF11F05   [8]  00 3B 1E 00 01 06 00 00
 (1769387476.438035)  can0  0CF11E05   [8]  00 00 00 00 19 03 00 00
 (1769387476.469219)  can0  0CF11F05   [8]  00 3B 1E 00 01 06 00 00
 (1769387476.498051)  can0  0CF11E05   [8]  00 00 00 00 18 03 00 00
 (1769387476.531626)  can0  0CF11F05   [8]  00 3B 1E 00 01 06 00 00
 (1769387476.558060)  can0  0CF11E05   [8]  00 00 00 00 19 03 00 00
 (1769387476.589238)  can0  0CF11F05   [8]  00 3B 1E 00 01 06 00 00
 (1769387476.618072)  can0  0CF11E05   [8]  00 00 00 00 18 03 00 00
 (1769387476.651651)  can0  0CF11F05   [8]  00 3B 1E 00 01 06 00 00
 (1769387476.678089)  can0  0CF11E05   [8]  00 00 00 00 18 03 00 00
 (1769387476.709283)  can0  0CF11F05   [8]  00 3B 1E 00 01 06 00 00
 (1769387476.738071)  can0  0CF11E05   [8]  00 00 00 00 18 03 00 00
 (1769387476.771682)  can0  0CF11F05   [8]  00 3B 1E 00 01 06 00 00
 (1769387476.798087)  can0  0CF11E05   [8]  00 00 00 00 18 03 00 00
 (1769387476.829308)  can0  0CF11F05   [8]  00 3B 1E 00 01 06 00 00
 (1769387476.858095)  can0  0CF11E05   [8]  00 00 00 00 18 03 00 00
 (1769387476.891701)  can0  0CF11F05   [8]  00 3B 1E 00 01 06 00 00
 (1769387476.918104)  can0  0CF11E05   [8]  00 00 00 00 18 03 00 00
 (1769387476.949329)  can0  0CF11F05   [8]  00 3B 1E 00 01 06 00 00
 (1769387476.978146)  can0  0CF11E05   [8]  00 00 00 00 18 03 00 00
 (1769387477.011725)  can0  0CF11F05   [8]  00 3B 1E 00 01 06 00 00
 (1769387477.038159)  can0  0CF11E05   [8]  00 00 00 00 19 03 00 00
 (1769387477.069351)  can0  0CF11F05   [8]  00 3B 1E 00 01 06 00 00
 (1769387477.098134)  can0  0CF11E05   [8]  00 00 00 00 19 03 00 00
 (1769387477.131765)  can0  0CF11F05   [8]  00 3B 1E 00 01 06 00 00
 (1769387477.158148)  can0  0CF11E05   [8]  00 00 00 00 19 03 00 00
 (1769387477.189375)  can0  0CF11F05   [8]  00 3B 1E 00 01 06 00 00
 (1769387477.218162)  can0  0CF11E05   [8]  00 00 00 00 18 03 00 00
 (1769387477.251798)  can0  0CF11F05   [8]  00 3B 1E 00 01 06 00 00
 (1769387477.278199)  can0  0CF11E05   [8]  00 00 00 00 18 03 00 00
 (1769387477.309366)  can0  0CF11F05   [8]  00 3B 1E 00 01 06 00 00
 (1769387477.338210)  can0  0CF11E05   [8]  00 00 00 00 18 03 00 00
 (1769387477.371814)  can0  0CF11F05   [8]  00 3B 1E 00 01 06 00 00
 (1769387477.398228)  can0  0CF11E05   [8]  00 00 00 00 18 03 00 00
 (1769387477.429397)  can0  0CF11F05   [8]  00 3B 1E 00 01 06 00 00
 (1769387477.458223)  can0  0CF11E05   [8]  00 00 00 00 19 03 00 00
 (1769387477.491809)  can0  0CF11F05   [8]  00 3B 1E 00 01 06 00 00
 (1769387477.518244)  can0  0CF11E05   [8]  00 00 00 00 18 03 00 00
 (1769387477.549425)  can0  0CF11F05   [8]  00 3B 1E 00 01 06 00 00
 (1769387477.578254)  can0  0CF11E05   [8]  00 00 00 00 19 03 00 00
 (1769387477.611836)  can0  0CF11F05   [8]  00 3B 1E 00 01 06 00 00
 (1769387477.638271)  can0  0CF11E05   [8]  00 00 00 00 18 03 00 00
 (1769387477.669445)  can0  0CF11F05   [8]  00 3B 1E 00 01 06 00 00
 (1769387477.698250)  can0  0CF11E05   [8]  00 00 00 00 18 03 00 00
 (1769387477.731860)  can0  0CF11F05   [8]  00 3B 1E 00 01 06 00 00
 (1769387477.758261)  can0  0CF11E05   [8]  00 00 00 00 19 03 00 00
 (1769387477.789489)  can0  0CF11F05   [8]  00 3B 1E 00 01 06 00 00
 (1769387477.818274)  can0  0CF11E05   [8]  00 00 00 00 18 03 00 00
 (1769387477.851907)  can0  0CF11F05   [8]  00 3B 1E 00 01 06 00 00
 (1769387477.878288)  can0  0CF11E05   [8]  00 00 00 00 19 03 00 00
 (1769387477.909520)  can0  0CF11F05   [8]  00 3B 1E 00 01 06 00 00
 (1769387477.938305)  can0  0CF11E05   [8]  00 00 00 00 18 03 00 00
 (1769387477.971928)  can0  0CF11F05   [8]  00 3B 1E 00 01 06 00 00
 (1769387477.998316)  can0  0CF11E05   [8]  00 00 00 00 18 03 00 00
 (1769387478.029514)  can0  0CF11F05   [8]  00 3B 1E 00 01 06 00 00
 (1769387478.058341)  can0  0CF11E05   [8]  00 00 00 00 19 03 00 00
 (1769387478.091958)  can0  0CF11F05   [8]  00 3B 1E 00 01 06 00 00
 (1769387478.118360)  can0  0CF11E05   [8]  00 00 00 00 18 03 00 00
 (1769387478.149541)  can0  0CF11F05   [8]  00 3B 1E 00 01 06 00 00
 (1769387478.178370)  can0  0CF11E05   [8]  00 00 00 00 19 03 00 00
 (1769387478.211952)  can0  0CF11F05   [8]  00 3B 1E 00 01 06 00 00
 (1769387478.238387)  can0  0CF11E05   [8]  00 00 00 00 18 03 00 00
 (1769387478.269578)  can0  0CF11F05   [8]  00 3B 1E 00 01 06 00 00
 (1769387478.298391)  can0  0CF11E05   [8]  00 00 00 00 19 03 00 00
 (1769387478.331973)  can0  0CF11F05   [8]  00 3B 1E 00 01 06 00 00
 (1769387478.358378)  can0  0CF11E05   [8]  00 00 00 00 19 03 00 00
 (1769387478.389609)  can0  0CF11F05   [8]  00 3B 1E 00 01 06 00 00
 (1769387478.418419)  can0  0CF11E05   [8]  00 00 00 00 19 03 00 00
 (1769387478.452003)  can0  0CF11F05   [8]  00 3B 1E 00 01 06 00 00
 (1769387478.478412)  can0  0CF11E05   [8]  00 00 00 00 19 03 00 00
 (1769387478.509633)  can0  0CF11F05   [8]  00 3B 1E 00 01 06 00 00
 (1769387478.538409)  can0  0CF11E05   [8]  00 00 00 00 19 03 00 00
 (1769387478.572020)  can0  0CF11F05   [8]  00 3B 1E 00 01 06 00 00
 (1769387478.598452)  can0  0CF11E05   [8]  00 00 00 00 18 03 00 00
 (1769387478.629656)  can0  0CF11F05   [8]  00 3B 1E 00 01 06 00 00
 (1769387478.658470)  can0  0CF11E05   [8]  00 00 00 00 19 03 00 00
 (1769387478.692044)  can0  0CF11F05   [8]  00 3B 1E 00 01 06 00 00
 (1769387478.718479)  can0  0CF11E05   [8]  00 00 00 00 18 03 00 00
 (1769387478.749681)  can0  0CF11F05   [8]  00 3B 1E 00 01 06 00 00
 (1769387478.778461)  can0  0CF11E05   [8]  00 00 00 00 18 03 00 00
 (1769387478.812095)  can0  0CF11F05   [8]  00 3B 1E 00 01 06 00 00
 (1769387478.838481)  can0  0CF11E05   [8]  00 00 00 00 18 03 00 00
 (1769387478.869709)  can0  0CF11F05   [8]  00 3B 1E 00 01 06 00 00
 (1769387478.898491)  can0  0CF11E05   [8]  00 00 00 00 18 03 00 00
 (1769387478.932115)  can0  0CF11F05   [8]  00 3B 1E 00 01 06 00 00
 (1769387478.958504)  can0  0CF11E05   [8]  00 00 00 00 18 03 00 00
 (1769387478.989729)  can0  0CF11F05   [8]  00 3B 1E 00 01 06 00 00
 (1769387479.018511)  can0  0CF11E05   [8]  00 00 00 00 18 03 00 00
 (1769387479.052139)  can0  0CF11F05   [8]  00 3B 1E 00 01 06 00 00
 (1769387479.078526)  can0  0CF11E05   [8]  00 00 00 00 18 03 00 00
 (1769387479.109754)  can0  0CF11F05   [8]  00 3B 1E 00 01 06 00 00
 (1769387479.138536)  can0  0CF11E05   [8]  00 00 00 00 18 03 00 00
 (1769387479.172160)  can0  0CF11F05   [8]  00 3B 1E 00 01 06 00 00
 (1769387479.198545)  can0  0CF11E05   [8]  00 00 00 00 19 03 00 00
 (1769387479.229774)  can0  0CF11F05   [8]  00 3B 1E 00 01 06 00 00
 (1769387479.258558)  can0  0CF11E05   [8]  00 00 00 00 19 03 00 00
 (1769387479.292189)  can0  0CF11F05   [8]  00 3B 1E 00 01 06 00 00
 (1769387479.318576)  can0  0CF11E05   [8]  00 00 00 00 18 03 00 00
 (1769387479.349801)  can0  0CF11F05   [8]  00 3B 1E 00 01 06 00 00
 (1769387479.378579)  can0  0CF11E05   [8]  00 00 00 00 19 03 00 00
 (1769387479.412207)  can0  0CF11F05   [8]  00 3B 1E 00 01 06 00 00
 (1769387479.438595)  can0  0CF11E05   [8]  00 00 00 00 19 03 00 00
 (1769387479.469836)  can0  0CF11F05   [8]  00 3B 1E 00 01 06 00 00
 (1769387479.498606)  can0  0CF11E05   [8]  00 00 00 00 18 03 00 00
 (1769387479.532228)  can0  0CF11F05   [8]  00 3B 1E 00 01 06 00 00
 (1769387479.558612)  can0  0CF11E05   [8]  00 00 00 00 19 03 00 00
 (1769387479.589816)  can0  0CF11F05   [8]  00 3B 1E 00 01 06 00 00
 (1769387479.618633)  can0  0CF11E05   [8]  00 00 00 00 19 03 00 00
 (1769387479.652264)  can0  0CF11F05   [8]  00 3B 1E 00 01 06 00 00
 (1769387479.678658)  can0  0CF11E05   [8]  00 00 00 00 19 03 00 00
 (1769387479.709837)  can0  0CF11F05   [8]  00 3B 1E 00 01 06 00 00
 (1769387479.738673)  can0  0CF11E05   [8]  00 00 00 00 18 03 00 00
 (1769387479.772284)  can0  0CF11F05   [8]  00 3B 1E 00 01 06 00 00
 (1769387479.798690)  can0  0CF11E05   [8]  00 00 00 00 18 03 00 00
 (1769387479.829898)  can0  0CF11F05   [8]  00 3B 1E 00 01 06 00 00
 (1769387479.858697)  can0  0CF11E05   [8]  00 00 00 00 19 03 00 00
 (1769387479.892312)  can0  0CF11F05   [8]  00 3B 1E 00 01 06 00 00
 (1769387479.918715)  can0  0CF11E05   [8]  00 00 00 00 18 03 00 00
 (1769387479.949893)  can0  0CF11F05   [8]  00 3B 1E 00 01 06 00 00
 (1769387479.978719)  can0  0CF11E05   [8]  00 00 00 00 19 03 00 00
 (1769387480.012296)  can0  0CF11F05   [8]  00 3B 1E 00 01 06 00 00
 (1769387480.038731)  can0  0CF11E05   [8]  00 00 00 00 19 03 00 00
 (1769387480.069909)  can0  0CF11F05   [8]  00 3B 1E 00 01 06 00 00
 (1769387480.098738)  can0  0CF11E05   [8]  00 00 00 00 19 03 00 00
 (1769387480.132357)  can0  0CF11F05   [8]  00 3B 1E 00 01 06 00 00
 (1769387480.158755)  can0  0CF11E05   [8]  00 00 00 00 18 03 00 00
 (1769387480.189938)  can0  0CF11F05   [8]  00 3B 1E 00 01 06 00 00
 (1769387480.218771)  can0  0CF11E05   [8]  00 00 00 00 18 03 00 00
 (1769387480.252348)  can0  0CF11F05   [8]  00 3B 1E 00 01 06 00 00
 (1769387480.278758)  can0  0CF11E05   [8]  00 00 00 00 19 03 00 00
 (1769387480.309959)  can0  0CF11F05   [8]  00 3B 1E 00 01 06 00 00
 (1769387480.338794)  can0  0CF11E05   [8]  00 00 00 00 19 03 00 00
 (1769387480.372369)  can0  0CF11F05   [8]  00 3B 1E 00 01 06 00 00
 (1769387480.398811)  can0  0CF11E05   [8]  00 00 00 00 18 03 00 00
 (1769387480.430001)  can0  0CF11F05   [8]  00 3B 1E 00 01 06 00 00
 (1769387480.458784)  can0  0CF11E05   [8]  00 00 00 00 18 03 00 00
 (1769387480.492412)  can0  0CF11F05   [8]  00 3B 1E 00 01 06 00 00
 (1769387480.518796)  can0  0CF11E05   [8]  00 00 00 00 18 03 00 00
 (1769387480.550029)  can0  0CF11F05   [8]  00 3B 1E 00 01 06 00 00
 (1769387480.578806)  can0  0CF11E05   [8]  00 00 00 00 18 03 00 00
 (1769387480.612446)  can0  0CF11F05   [8]  00 3B 1E 00 01 06 00 00
 (1769387480.638825)  can0  0CF11E05   [8]  00 00 00 00 18 03 00 00
 (1769387480.670049)  can0  0CF11F05   [8]  00 3B 1E 00 01 06 00 00
 (1769387480.698835)  can0  0CF11E05   [8]  00 00 00 00 18 03 00 00
 (1769387480.732446)  can0  0CF11F05   [8]  00 3B 1E 00 01 06 00 00
 (1769387480.758848)  can0  0CF11E05   [8]  00 00 00 00 19 03 00 00
 (1769387480.790073)  can0  0CF11F05   [8]  00 3B 1E 00 01 06 00 00
 (1769387480.818886)  can0  0CF11E05   [8]  00 00 00 00 18 03 00 00
 (1769387480.852474)  can0  0CF11F05   [8]  00 3B 1E 00 01 06 00 00
 (1769387480.878871)  can0  0CF11E05   [8]  00 00 00 00 18 03 00 00
 (1769387480.910103)  can0  0CF11F05   [8]  00 3B 1E 00 01 06 00 00
 (1769387480.938875)  can0  0CF11E05   [8]  00 00 00 00 18 03 00 00
 (1769387480.972521)  can0  0CF11F05   [8]  00 3B 1E 00 01 06 00 00
 (1769387480.998920)  can0  0CF11E05   [8]  00 00 00 00 19 03 00 00
 (1769387481.030098)  can0  0CF11F05   [8]  00 3B 1E 00 01 06 00 00
 (1769387481.058910)  can0  0CF11E05   [8]  00 00 00 00 18 03 00 00
 (1769387481.092504)  can0  0CF11F05   [8]  00 3B 1E 00 01 06 00 00
 (1769387481.118936)  can0  0CF11E05   [8]  00 00 00 00 19 03 00 00
 (1769387481.150126)  can0  0CF11F05   [8]  00 3B 1E 00 01 06 00 00
 (1769387481.178919)  can0  0CF11E05   [8]  00 00 00 00 18 03 00 00
 (1769387481.212535)  can0  0CF11F05   [8]  00 3B 1E 00 01 06 00 00
 (1769387481.238930)  can0  0CF11E05   [8]  00 00 00 00 19 03 00 00
 (1769387481.270163)  can0  0CF11F05   [8]  00 3B 1E 00 01 06 00 00
 (1769387481.298975)  can0  0CF11E05   [8]  00 00 00 00 19 03 00 00
 (1769387481.332553)  can0  0CF11F05   [8]  00 3B 1E 00 01 06 00 00
 (1769387481.358993)  can0  0CF11E05   [8]  00 00 00 00 18 03 00 00
 (1769387481.390186)  can0  0CF11F05   [8]  00 3B 1E 00 01 06 00 00
 (1769387481.418999)  can0  0CF11E05   [8]  00 00 00 00 19 03 00 00
 (1769387481.452580)  can0  0CF11F05   [8]  00 3B 1E 00 01 06 00 00
 (1769387481.478979)  can0  0CF11E05   [8]  00 00 00 00 18 03 00 00
 (1769387481.510208)  can0  0CF11F05   [8]  00 3B 1E 00 01 06 00 00
 (1769387481.538987)  can0  0CF11E05   [8]  00 00 00 00 19 03 00 00
 (1769387481.572604)  can0  0CF11F05   [8]  00 3B 1E 00 01 06 00 00
 (1769387481.599005)  can0  0CF11E05   [8]  00 00 00 00 19 03 00 00
 (1769387481.630230)  can0  0CF11F05   [8]  00 3B 1E 00 01 06 00 00
 (1769387481.659019)  can0  0CF11E05   [8]  00 00 00 00 18 03 00 00
 (1769387481.692644)  can0  0CF11F05   [8]  00 3B 1E 00 01 06 00 00
 (1769387481.719028)  can0  0CF11E05   [8]  00 00 00 00 18 03 00 00
 (1769387481.750293)  can0  0CF11F05   [8]  00 3B 1E 00 01 06 00 00
 (1769387481.779038)  can0  0CF11E05   [8]  00 00 00 00 18 03 00 00
 (1769387481.812670)  can0  0CF11F05   [8]  00 3B 1E 00 01 06 00 00
 (1769387481.839058)  can0  0CF11E05   [8]  00 00 00 00 18 03 00 00
 (1769387481.870284)  can0  0CF11F05   [8]  00 3B 1E 00 01 06 00 00
 (1769387481.899067)  can0  0CF11E05   [8]  00 00 00 00 18 03 00 00
 (1769387481.932699)  can0  0CF11F05   [8]  00 3B 1E 00 01 06 00 00
 (1769387481.959079)  can0  0CF11E05   [8]  00 00 00 00 19 03 00 00
 (1769387481.990321)  can0  0CF11F05   [8]  00 3B 1E 00 01 06 00 00
 (1769387482.019092)  can0  0CF11E05   [8]  00 00 00 00 18 03 00 00
 (1769387482.052717)  can0  0CF11F05   [8]  00 3B 1E 00 01 06 00 00
 (1769387482.079117)  can0  0CF11E05   [8]  00 00 00 00 19 03 00 00
 (1769387482.110305)  can0  0CF11F05   [8]  00 3B 1E 00 01 06 00 00
 (1769387482.139130)  can0  0CF11E05   [8]  00 00 00 00 19 03 00 00
 (1769387482.172743)  can0  0CF11F05   [8]  00 3B 1E 00 01 06 00 00
 (1769387482.199146)  can0  0CF11E05   [8]  00 00 00 00 18 03 00 00
 (1769387482.230323)  can0  0CF11F05   [8]  00 3B 1E 00 01 06 00 00
 (1769387482.259137)  can0  0CF11E05   [8]  00 00 00 00 18 03 00 00
 (1769387482.292767)  can0  0CF11F05   [8]  00 3B 1E 00 01 06 00 00
 (1769387482.319166)  can0  0CF11E05   [8]  00 00 00 00 18 03 00 00
 (1769387482.350342)  can0  0CF11F05   [8]  00 3B 1E 00 01 06 00 00
 (1769387482.379179)  can0  0CF11E05   [8]  00 00 00 00 18 03 00 00
 (1769387482.412806)  can0  0CF11F05   [8]  00 3B 1E 00 01 06 00 00
 (1769387482.439189)  can0  0CF11E05   [8]  00 00 00 00 18 03 00 00
 (1769387482.470367)  can0  0CF11F05   [8]  00 3B 1E 00 01 06 00 00
 (1769387482.499204)  can0  0CF11E05   [8]  00 00 00 00 19 03 00 00
 (1769387482.532842)  can0  0CF11F05   [8]  00 3B 1E 00 01 06 00 00
 (1769387482.559214)  can0  0CF11E05   [8]  00 00 00 00 19 03 00 00
 (1769387482.590399)  can0  0CF11F05   [8]  00 3B 1E 00 01 06 00 00
 (1769387482.619231)  can0  0CF11E05   [8]  00 00 00 00 18 03 00 00
 (1769387482.652810)  can0  0CF11F05   [8]  00 3B 1E 00 01 06 00 00
 (1769387482.679241)  can0  0CF11E05   [8]  00 00 00 00 19 03 00 00
 (1769387482.710439)  can0  0CF11F05   [8]  00 3B 1E 00 01 06 00 00
 (1769387482.739221)  can0  0CF11E05   [8]  00 00 00 00 19 03 00 00
 (1769387482.772849)  can0  0CF11F05   [8]  00 3B 1E 00 01 06 00 00
 (1769387482.799238)  can0  0CF11E05   [8]  00 00 00 00 18 03 00 00
 (1769387482.830463)  can0  0CF11F05   [8]  00 3B 1E 00 01 06 00 00
 (1769387482.859244)  can0  0CF11E05   [8]  00 00 00 00 19 03 00 00
 (1769387482.892878)  can0  0CF11F05   [8]  00 3B 1E 00 01 06 00 00
 (1769387482.919266)  can0  0CF11E05   [8]  00 00 00 00 18 03 00 00
 (1769387482.950490)  can0  0CF11F05   [8]  00 3B 1E 00 01 06 00 00
 (1769387482.979267)  can0  0CF11E05   [8]  00 00 00 00 19 03 00 00
 (1769387483.012894)  can0  0CF11F05   [8]  00 3B 1E 00 01 06 00 00
 (1769387483.039283)  can0  0CF11E05   [8]  00 00 00 00 19 03 00 00
 (1769387483.070515)  can0  0CF11F05   [8]  00 3B 1E 00 01 06 00 00
 (1769387483.099296)  can0  0CF11E05   [8]  00 00 00 00 18 03 00 00
 (1769387483.132922)  can0  0CF11F05   [8]  00 3B 1E 00 01 06 00 00
 (1769387483.159302)  can0  0CF11E05   [8]  00 00 00 00 19 03 00 00
 (1769387483.190540)  can0  0CF11F05   [8]  00 3B 1E 00 01 06 00 00
 (1769387483.219344)  can0  0CF11E05   [8]  00 00 00 00 19 03 00 00
 (1769387483.252941)  can0  0CF11F05   [8]  00 3B 1E 00 01 06 00 00
 (1769387483.279353)  can0  0CF11E05   [8]  00 00 00 00 18 03 00 00
 (1769387483.310559)  can0  0CF11F05   [8]  00 3B 1E 00 01 06 00 00
 (1769387483.339339)  can0  0CF11E05   [8]  00 00 00 00 18 03 00 00
 (1769387483.372966)  can0  0CF11F05   [8]  00 3B 1E 00 01 06 00 00
 (1769387483.399383)  can0  0CF11E05   [8]  00 00 00 00 18 03 00 00
 (1769387483.430558)  can0  0CF11F05   [8]  00 3B 1E 00 01 06 00 00
 (1769387483.459363)  can0  0CF11E05   [8]  00 00 00 00 18 03 00 00
 (1769387483.493001)  can0  0CF11F05   [8]  00 3B 1E 00 01 06 00 00
 (1769387483.519368)  can0  0CF11E05   [8]  00 00 00 00 19 03 00 00
 (1769387483.550603)  can0  0CF11F05   [8]  00 3B 1E 00 01 06 00 00
 (1769387483.579387)  can0  0CF11E05   [8]  00 00 00 00 18 03 00 00
 (1769387483.613009)  can0  0CF11F05   [8]  00 3B 1E 00 01 06 00 00
 (1769387483.639398)  can0  0CF11E05   [8]  00 00 00 00 18 03 00 00
 (1769387483.670623)  can0  0CF11F05   [8]  00 3B 1E 00 01 06 00 00
 (1769387483.699408)  can0  0CF11E05   [8]  00 00 00 00 19 03 00 00
 (1769387483.733038)  can0  0CF11F05   [8]  00 3B 1E 00 01 06 00 00
 (1769387483.759437)  can0  0CF11E05   [8]  00 00 00 00 19 03 00 00
 (1769387483.790655)  can0  0CF11F05   [8]  00 3B 1E 00 01 06 00 00
 (1769387483.819429)  can0  0CF11E05   [8]  00 00 00 00 19 03 00 00
 (1769387483.853061)  can0  0CF11F05   [8]  00 3B 1E 00 01 06 00 00
 (1769387483.879445)  can0  0CF11E05   [8]  00 00 00 00 19 03 00 00
 (1769387483.910676)  can0  0CF11F05   [8]  00 3B 1E 00 01 06 00 00
 (1769387483.939455)  can0  0CF11E05   [8]  00 00 00 00 18 03 00 00
 (1769387483.973082)  can0  0CF11F05   [8]  00 3B 1E 00 01 06 00 00
 (1769387483.999470)  can0  0CF11E05   [8]  00 00 00 00 18 03 00 00
 (1769387484.030700)  can0  0CF11F05   [8]  00 3B 1E 00 01 06 00 00
 (1769387484.059476)  can0  0CF11E05   [8]  00 00 00 00 18 03 00 00
 (1769387484.093105)  can0  0CF11F05   [8]  00 3B 1E 00 01 06 00 00
 (1769387484.119483)  can0  0CF11E05   [8]  00 00 00 00 19 03 00 00
 (1769387484.150714)  can0  0CF11F05   [8]  00 3B 1E 00 01 06 00 00
 (1769387484.179499)  can0  0CF11E05   [8]  00 00 00 00 19 03 00 00
 (1769387484.213123)  can0  0CF11F05   [8]  00 3B 1E 00 01 06 00 00
 (1769387484.239515)  can0  0CF11E05   [8]  00 00 00 00 18 03 00 00
 (1769387484.270711)  can0  0CF11F05   [8]  00 3B 1E 00 01 06 00 00
 (1769387484.299544)  can0  0CF11E05   [8]  00 00 00 00 19 03 00 00
 (1769387484.333158)  can0  0CF11F05   [8]  00 3B 1E 00 01 06 00 00
 (1769387484.359557)  can0  0CF11E05   [8]  00 00 00 00 18 03 00 00
 (1769387484.390739)  can0  0CF11F05   [8]  00 3B 1E 00 01 06 00 00
 (1769387484.419569)  can0  0CF11E05   [8]  00 00 00 00 18 03 00 00
 (1769387484.453146)  can0  0CF11F05   [8]  00 3B 1E 00 01 06 00 00
 (1769387484.479580)  can0  0CF11E05   [8]  00 00 00 00 18 03 00 00
 (1769387484.510759)  can0  0CF11F05   [8]  00 3B 1E 00 01 06 00 00
 (1769387484.539597)  can0  0CF11E05   [8]  00 00 00 00 18 03 00 00
 (1769387484.573202)  can0  0CF11F05   [8]  00 3B 1E 00 01 06 00 00
 (1769387484.599610)  can0  0CF11E05   [8]  00 00 00 00 18 03 00 00
 (1769387484.630779)  can0  0CF11F05   [8]  00 3B 1E 00 01 06 00 00
 (1769387484.659612)  can0  0CF11E05   [8]  00 00 00 00 19 03 00 00
 (1769387484.693229)  can0  0CF11F05   [8]  00 3B 1E 00 01 06 00 00
 (1769387484.719618)  can0  0CF11E05   [8]  00 00 00 00 19 03 00 00
 (1769387484.750802)  can0  0CF11F05   [8]  00 3B 1E 00 01 06 00 00
 (1769387484.779639)  can0  0CF11E05   [8]  00 00 00 00 18 03 00 00
 (1769387484.813210)  can0  0CF11F05   [8]  00 3B 1E 00 01 06 00 00
 (1769387484.839654)  can0  0CF11E05   [8]  00 00 00 00 18 03 00 00
 (1769387484.870847)  can0  0CF11F05   [8]  00 3B 1E 00 01 06 00 00
 (1769387484.899624)  can0  0CF11E05   [8]  00 00 00 00 19 03 00 00
 (1769387484.933242)  can0  0CF11F05   [8]  00 3B 1E 00 01 06 00 00
 (1769387484.959637)  can0  0CF11E05   [8]  00 00 00 00 18 03 00 00
 (1769387484.990871)  can0  0CF11F05   [8]  00 3B 1E 00 01 06 00 00
 (1769387485.019653)  can0  0CF11E05   [8]  00 00 00 00 18 03 00 00
 (1769387485.053285)  can0  0CF11F05   [8]  00 3B 1E 00 01 06 00 00
 (1769387485.079673)  can0  0CF11E05   [8]  00 00 00 00 19 03 00 00
 (1769387485.110899)  can0  0CF11F05   [8]  00 3B 1E 00 01 06 00 00
 (1769387485.139685)  can0  0CF11E05   [8]  00 00 00 00 18 03 00 00
 (1769387485.173310)  can0  0CF11F05   [8]  00 3B 1E 00 01 06 00 00
 (1769387485.199698)  can0  0CF11E05   [8]  00 00 00 00 18 03 00 00
 (1769387485.230925)  can0  0CF11F05   [8]  00 3B 1E 00 01 06 00 00
 (1769387485.259719)  can0  0CF11E05   [8]  00 00 00 00 19 03 00 00
 (1769387485.293338)  can0  0CF11F05   [8]  00 3B 1E 00 01 06 00 00
 (1769387485.319729)  can0  0CF11E05   [8]  00 00 00 00 19 03 00 00
 (1769387485.350917)  can0  0CF11F05   [8]  00 3B 1E 00 01 06 00 00
 (1769387485.379746)  can0  0CF11E05   [8]  00 00 00 00 19 03 00 00
 (1769387485.413327)  can0  0CF11F05   [8]  00 3B 1E 00 01 06 00 00
 (1769387485.439761)  can0  0CF11E05   [8]  00 00 00 00 19 03 00 00
 (1769387485.470953)  can0  0CF11F05   [8]  00 3B 1E 00 01 06 00 00
 (1769387485.499773)  can0  0CF11E05   [8]  00 00 00 00 18 03 00 00
 (1769387485.533385)  can0  0CF11F05   [8]  00 3B 1E 00 01 06 00 00
 (1769387485.559786)  can0  0CF11E05   [8]  00 00 00 00 18 03 00 00
 (1769387485.590959)  can0  0CF11F05   [8]  00 3B 1E 00 01 06 00 00
 (1769387485.619788)  can0  0CF11E05   [8]  00 00 00 00 19 03 00 00
 (1769387485.653375)  can0  0CF11F05   [8]  00 3B 1E 00 01 06 00 00
 (1769387485.679778)  can0  0CF11E05   [8]  00 00 00 00 19 03 00 00
 (1769387485.711011)  can0  0CF11F05   [8]  00 3B 1E 00 01 06 00 00
 (1769387485.739820)  can0  0CF11E05   [8]  00 00 00 00 18 03 00 00
 (1769387485.773398)  can0  0CF11F05   [8]  00 3B 1E 00 01 06 00 00
 (1769387485.799806)  can0  0CF11E05   [8]  00 00 00 00 19 03 00 00
 (1769387485.831039)  can0  0CF11F05   [8]  00 3B 1E 00 01 06 00 00
 (1769387485.859816)  can0  0CF11E05   [8]  00 00 00 00 18 03 00 00
 (1769387485.893446)  can0  0CF11F05   [8]  00 3B 1E 00 01 06 00 00
 (1769387485.919854)  can0  0CF11E05   [8]  00 00 00 00 18 03 00 00
 (1769387485.951030)  can0  0CF11F05   [8]  00 3B 1E 00 01 06 00 00
 (1769387485.979860)  can0  0CF11E05   [8]  00 00 00 00 18 03 00 00
 (1769387486.013465)  can0  0CF11F05   [8]  00 3B 1E 00 01 06 00 00
 (1769387486.039850)  can0  0CF11E05   [8]  00 00 00 00 18 03 00 00
 (1769387486.071079)  can0  0CF11F05   [8]  00 3B 1E 00 01 06 00 00
 (1769387486.099856)  can0  0CF11E05   [8]  00 00 00 00 19 03 00 00
 (1769387486.133485)  can0  0CF11F05   [8]  00 3B 1E 00 01 06 00 00
 (1769387486.159865)  can0  0CF11E05   [8]  00 00 00 00 19 03 00 00
 (1769387486.191103)  can0  0CF11F05   [8]  00 3B 1E 00 01 06 00 00
 (1769387486.219880)  can0  0CF11E05   [8]  00 00 00 00 18 03 00 00
 (1769387486.253512)  can0  0CF11F05   [8]  00 3B 1E 00 01 06 00 00
 (1769387486.279894)  can0  0CF11E05   [8]  00 00 00 00 18 03 00 00
 (1769387486.311123)  can0  0CF11F05   [8]  00 3B 1E 00 01 06 00 00
 (1769387486.339909)  can0  0CF11E05   [8]  00 00 00 00 18 03 00 00
 (1769387486.373531)  can0  0CF11F05   [8]  00 3B 1E 00 01 06 00 00
 (1769387486.399911)  can0  0CF11E05   [8]  00 00 00 00 19 03 00 00
 (1769387486.431144)  can0  0CF11F05   [8]  00 3B 1E 00 01 06 00 00
 (1769387486.459923)  can0  0CF11E05   [8]  00 00 00 00 18 03 00 00
 (1769387486.493558)  can0  0CF11F05   [8]  00 3B 1E 00 01 06 00 00
 (1769387486.519938)  can0  0CF11E05   [8]  00 00 00 00 18 03 00 00
 (1769387486.551170)  can0  0CF11F05   [8]  00 3B 1E 00 01 06 00 00
 (1769387486.579953)  can0  0CF11E05   [8]  00 00 00 00 18 03 00 00
 (1769387486.613586)  can0  0CF11F05   [8]  00 3B 1E 00 01 06 00 00
 (1769387486.639981)  can0  0CF11E05   [8]  00 00 00 00 19 03 00 00
 (1769387486.671162)  can0  0CF11F05   [8]  00 3B 1E 00 01 06 00 00
 (1769387486.699996)  can0  0CF11E05   [8]  00 00 00 00 19 03 00 00
 (1769387486.733646)  can0  0CF11F05   [8]  00 3B 1E 00 01 06 00 00
 (1769387486.760012)  can0  0CF11E05   [8]  00 00 00 00 18 03 00 00
 (1769387486.791183)  can0  0CF11F05   [8]  00 3B 1E 00 01 06 00 00
 (1769387486.820016)  can0  0CF11E05   [8]  00 00 00 00 19 03 00 00
 (1769387486.853634)  can0  0CF11F05   [8]  00 3B 1E 00 01 06 00 00
 (1769387486.880032)  can0  0CF11E05   [8]  00 00 00 00 19 03 00 00
 (1769387486.911209)  can0  0CF11F05   [8]  00 3B 1E 00 01 06 00 00
 (1769387486.940055)  can0  0CF11E05   [8]  00 00 00 00 18 03 00 00
 (1769387486.973619)  can0  0CF11F05   [8]  00 3B 1E 00 01 06 00 00
 (1769387487.000051)  can0  0CF11E05   [8]  00 00 00 00 19 03 00 00
 (1769387487.031255)  can0  0CF11F05   [8]  00 3B 1E 00 01 06 00 00
 (1769387487.060037)  can0  0CF11E05   [8]  00 00 00 00 18 03 00 00
 (1769387487.093646)  can0  0CF11F05   [8]  00 3B 1E 00 01 06 00 00
 (1769387487.120047)  can0  0CF11E05   [8]  00 00 00 00 19 03 00 00
 (1769387487.151272)  can0  0CF11F05   [8]  00 3B 1E 00 01 06 00 00
 (1769387487.180062)  can0  0CF11E05   [8]  00 00 00 00 18 03 00 00
 (1769387487.213667)  can0  0CF11F05   [8]  00 3B 1E 00 01 06 00 00
 (1769387487.240068)  can0  0CF11E05   [8]  00 00 00 00 19 03 00 00
 (1769387487.271287)  can0  0CF11F05   [8]  00 3B 1E 00 01 06 00 00
 (1769387487.300117)  can0  0CF11E05   [8]  00 00 00 00 18 03 00 00
 (1769387487.333694)  can0  0CF11F05   [8]  00 3B 1E 00 01 06 00 00
 (1769387487.360127)  can0  0CF11E05   [8]  00 00 00 00 19 03 00 00
 (1769387487.391328)  can0  0CF11F05   [8]  00 3B 1E 00 01 06 00 00
 (1769387487.420110)  can0  0CF11E05   [8]  00 00 00 00 18 03 00 00
 (1769387487.453736)  can0  0CF11F05   [8]  00 3B 1E 00 01 06 00 00
 (1769387487.480125)  can0  0CF11E05   [8]  00 00 00 00 18 03 00 00
 (1769387487.511353)  can0  0CF11F05   [8]  00 3B 1E 00 01 06 00 00
 (1769387487.540134)  can0  0CF11E05   [8]  00 00 00 00 19 03 00 00
 (1769387487.573763)  can0  0CF11F05   [8]  00 3B 1E 00 01 06 00 00
 (1769387487.600150)  can0  0CF11E05   [8]  00 00 00 00 18 03 00 00
 (1769387487.631380)  can0  0CF11F05   [8]  00 3B 1E 00 01 06 00 00
 (1769387487.660160)  can0  0CF11E05   [8]  00 00 00 00 18 03 00 00
 (1769387487.693782)  can0  0CF11F05   [8]  00 3B 1E 00 01 06 00 00
 (1769387487.720170)  can0  0CF11E05   [8]  00 00 00 00 19 03 00 00
 (1769387487.751396)  can0  0CF11F05   [8]  00 3B 1E 00 01 06 00 00
 (1769387487.780182)  can0  0CF11E05   [8]  00 00 00 00 18 03 00 00
 (1769387487.813811)  can0  0CF11F05   [8]  00 3B 1E 00 01 06 00 00
 (1769387487.840207)  can0  0CF11E05   [8]  00 00 00 00 19 03 00 00
 (1769387487.871388)  can0  0CF11F05   [8]  00 3B 1E 00 01 06 00 00
 (1769387487.900217)  can0  0CF11E05   [8]  00 00 00 00 19 03 00 00
 (1769387487.933838)  can0  0CF11F05   [8]  00 3B 1E 00 01 06 00 00
 (1769387487.960238)  can0  0CF11E05   [8]  00 00 00 00 18 03 00 00
 (1769387487.991411)  can0  0CF11F05   [8]  00 3B 1E 00 01 06 00 00
 (1769387488.020253)  can0  0CF11E05   [8]  00 00 00 00 18 03 00 00
 (1769387488.053857)  can0  0CF11F05   [8]  00 3B 1E 00 01 06 00 00
 (1769387488.080235)  can0  0CF11E05   [8]  00 00 00 00 19 03 00 00
 (1769387488.111460)  can0  0CF11F05   [8]  00 3B 1E 00 01 06 00 00
 (1769387488.140243)  can0  0CF11E05   [8]  00 00 00 00 18 03 00 00
 (1769387488.173875)  can0  0CF11F05   [8]  00 3B 1E 00 01 06 00 00
 (1769387488.200279)  can0  0CF11E05   [8]  00 00 00 00 19 03 00 00
 (1769387488.231464)  can0  0CF11F05   [8]  00 3B 1E 00 01 06 00 00
 (1769387488.260268)  can0  0CF11E05   [8]  00 00 00 00 19 03 00 00
 (1769387488.293899)  can0  0CF11F05   [8]  00 3B 1E 00 01 06 00 00
 (1769387488.320307)  can0  0CF11E05   [8]  00 00 00 00 19 03 00 00
 (1769387488.351484)  can0  0CF11F05   [8]  00 3B 1E 00 01 06 00 00
 (1769387488.380292)  can0  0CF11E05   [8]  00 00 00 00 19 03 00 00
 (1769387488.413929)  can0  0CF11F05   [8]  00 3B 1E 00 01 06 00 00
 (1769387488.440303)  can0  0CF11E05   [8]  00 00 00 00 19 03 00 00
 (1769387488.471534)  can0  0CF11F05   [8]  00 3B 1E 00 01 06 00 00
 (1769387488.500313)  can0  0CF11E05   [8]  00 00 00 00 19 03 00 00
 (1769387488.533943)  can0  0CF11F05   [8]  00 3B 1E 00 01 06 00 00
 (1769387488.560323)  can0  0CF11E05   [8]  00 00 00 00 19 03 00 00
 (1769387488.591554)  can0  0CF11F05   [8]  00 3B 1E 00 01 06 00 00
 (1769387488.620340)  can0  0CF11E05   [8]  00 00 00 00 18 03 00 00
 (1769387488.653962)  can0  0CF11F05   [8]  00 3B 1E 00 01 06 00 00
 (1769387488.680351)  can0  0CF11E05   [8]  00 00 00 00 18 03 00 00
 (1769387488.711583)  can0  0CF11F05   [8]  00 3B 1E 00 01 06 00 00
 (1769387488.740364)  can0  0CF11E05   [8]  00 00 00 00 18 03 00 00
 (1769387488.773990)  can0  0CF11F05   [8]  00 3B 1E 00 01 06 00 00
 (1769387488.800374)  can0  0CF11E05   [8]  00 00 00 00 18 03 00 00
 (1769387488.831607)  can0  0CF11F05   [8]  00 3B 1E 00 01 06 00 00
 (1769387488.860381)  can0  0CF11E05   [8]  00 00 00 00 19 03 00 00
 (1769387488.894009)  can0  0CF11F05   [8]  00 3B 1E 00 01 06 00 00
 (1769387488.920402)  can0  0CF11E05   [8]  00 00 00 00 18 03 00 00
 (1769387488.951592)  can0  0CF11F05   [8]  00 3B 1E 00 01 06 00 00
 (1769387488.980433)  can0  0CF11E05   [8]  00 00 00 00 18 03 00 00
 (1769387489.014039)  can0  0CF11F05   [8]  00 3B 1E 00 01 06 00 00
 (1769387489.040443)  can0  0CF11E05   [8]  00 00 00 00 18 03 00 00
 (1769387489.071620)  can0  0CF11F05   [8]  00 3B 1E 00 01 06 00 00
 (1769387489.100444)  can0  0CF11E05   [8]  00 00 00 00 19 03 00 00
 (1769387489.134030)  can0  0CF11F05   [8]  00 3B 1E 00 01 06 00 00
 (1769387489.160463)  can0  0CF11E05   [8]  00 00 00 00 18 03 00 00
 (1769387489.191642)  can0  0CF11F05   [8]  00 3B 1E 00 01 06 00 00
 (1769387489.220476)  can0  0CF11E05   [8]  00 00 00 00 19 03 00 00
 (1769387489.254054)  can0  0CF11F05   [8]  00 3B 1E 00 01 06 00 00
 (1769387489.280488)  can0  0CF11E05   [8]  00 00 00 00 19 03 00 00
 (1769387489.311669)  can0  0CF11F05   [8]  00 3B 1E 00 01 06 00 00
 (1769387489.340470)  can0  0CF11E05   [8]  00 00 00 00 18 03 00 00
 (1769387489.374078)  can0  0CF11F05   [8]  00 3B 1E 00 01 06 00 00
 (1769387489.400480)  can0  0CF11E05   [8]  00 00 00 00 19 03 00 00
 (1769387489.431695)  can0  0CF11F05   [8]  00 3B 1E 00 01 06 00 00
 (1769387489.460522)  can0  0CF11E05   [8]  00 00 00 00 19 03 00 00
 (1769387489.494105)  can0  0CF11F05   [8]  00 3B 1E 00 01 06 00 00
 (1769387489.520541)  can0  0CF11E05   [8]  00 00 00 00 18 03 00 00
 (1769387489.551732)  can0  0CF11F05   [8]  00 3B 1E 00 01 06 00 00
 (1769387489.580513)  can0  0CF11E05   [8]  00 00 00 00 19 03 00 00
 (1769387489.614141)  can0  0CF11F05   [8]  00 3B 1E 00 01 06 00 00
 (1769387489.640530)  can0  0CF11E05   [8]  00 00 00 00 18 03 00 00
 (1769387489.671759)  can0  0CF11F05   [8]  00 3B 1E 00 01 06 00 00
 (1769387489.700539)  can0  0CF11E05   [8]  00 00 00 00 18 03 00 00
 (1769387489.734173)  can0  0CF11F05   [8]  00 3B 1E 00 01 06 00 00
 (1769387489.760555)  can0  0CF11E05   [8]  00 00 00 00 18 03 00 00
 (1769387489.791786)  can0  0CF11F05   [8]  00 3B 1E 00 01 06 00 00
 (1769387489.820571)  can0  0CF11E05   [8]  00 00 00 00 19 03 00 00
 (1769387489.854194)  can0  0CF11F05   [8]  00 3B 1E 00 01 06 00 00
 (1769387489.880582)  can0  0CF11E05   [8]  00 00 00 00 19 03 00 00
 (1769387489.911810)  can0  0CF11F05   [8]  00 3B 1E 00 01 06 00 00
 (1769387489.940592)  can0  0CF11E05   [8]  00 00 00 00 19 03 00 00
 (1769387489.974217)  can0  0CF11F05   [8]  00 3B 1E 00 01 06 00 00
 (1769387490.000601)  can0  0CF11E05   [8]  00 00 00 00 18 03 00 00
 (1769387490.031835)  can0  0CF11F05   [8]  00 3B 1E 00 01 06 00 00
 (1769387490.060609)  can0  0CF11E05   [8]  00 00 00 00 19 03 00 00
 (1769387490.094240)  can0  0CF11F05   [8]  00 3B 1E 00 01 06 00 00
 (1769387490.120625)  can0  0CF11E05   [8]  00 00 00 00 19 03 00 00
 (1769387490.151850)  can0  0CF11F05   [8]  00 3B 1E 00 01 06 00 00
 (1769387490.180636)  can0  0CF11E05   [8]  00 00 00 00 18 03 00 00
 (1769387490.214258)  can0  0CF11F05   [8]  00 3B 1E 00 01 06 00 00
 (1769387490.240650)  can0  0CF11E05   [8]  00 00 00 00 18 03 00 00
 (1769387490.271869)  can0  0CF11F05   [8]  00 3B 1E 00 01 06 00 00
 (1769387490.300655)  can0  0CF11E05   [8]  00 00 00 00 19 03 00 00
 (1769387490.334285)  can0  0CF11F05   [8]  00 3B 1E 00 01 06 00 00
 (1769387490.360667)  can0  0CF11E05   [8]  00 00 00 00 18 03 00 00
 (1769387490.391899)  can0  0CF11F05   [8]  00 3B 1E 00 01 06 00 00
 (1769387490.420682)  can0  0CF11E05   [8]  00 00 00 00 18 03 00 00
 (1769387490.454310)  can0  0CF11F05   [8]  00 3B 1E 00 01 06 00 00
 (1769387490.480711)  can0  0CF11E05   [8]  00 00 00 00 18 03 00 00
 (1769387490.511894)  can0  0CF11F05   [8]  00 3B 1E 00 01 06 00 00
 (1769387490.540723)  can0  0CF11E05   [8]  00 00 00 00 18 03 00 00
 (1769387490.574301)  can0  0CF11F05   [8]  00 3B 1E 00 01 06 00 00
 (1769387490.600714)  can0  0CF11E05   [8]  00 00 00 00 18 03 00 00
 (1769387490.631935)  can0  0CF11F05   [8]  00 3B 1E 00 01 06 00 00
 (1769387490.660748)  can0  0CF11E05   [8]  00 00 00 00 18 03 00 00
 (1769387490.694371)  can0  0CF11F05   [8]  00 3B 1E 00 01 06 00 00
 (1769387490.720730)  can0  0CF11E05   [8]  00 00 00 00 19 03 00 00
 (1769387490.751963)  can0  0CF11F05   [8]  00 3B 1E 00 01 06 00 00
 (1769387490.780752)  can0  0CF11E05   [8]  00 00 00 00 19 03 00 00
 (1769387490.814358)  can0  0CF11F05   [8]  00 3B 1E 00 01 06 00 00
 (1769387490.840762)  can0  0CF11E05   [8]  00 00 00 00 18 03 00 00
 (1769387490.871987)  can0  0CF11F05   [8]  00 3B 1E 00 01 06 00 00
 (1769387490.900804)  can0  0CF11E05   [8]  00 00 00 00 19 03 00 00
 (1769387490.934387)  can0  0CF11F05   [8]  00 3B 1E 00 01 06 00 00
 (1769387490.960802)  can0  0CF11E05   [8]  00 00 00 00 19 03 00 00
 (1769387490.991988)  can0  0CF11F05   [8]  00 3B 1E 00 01 06 00 00
 (1769387491.020838)  can0  0CF11E05   [8]  00 00 00 00 19 03 00 00
 (1769387491.054406)  can0  0CF11F05   [8]  00 3B 1E 00 01 06 00 00
 (1769387491.080860)  can0  0CF11E05   [8]  00 00 00 00 18 03 00 00
 (1769387491.112005)  can0  0CF11F05   [8]  00 3B 1E 00 01 06 00 00
 (1769387491.140847)  can0  0CF11E05   [8]  00 00 00 00 19 03 00 00
 (1769387491.174452)  can0  0CF11F05   [8]  00 3B 1E 00 01 06 00 00
 (1769387491.200849)  can0  0CF11E05   [8]  00 00 00 00 18 03 00 00
 (1769387491.232034)  can0  0CF11F05   [8]  00 3B 1E 00 01 06 00 00
 (1769387491.260852)  can0  0CF11E05   [8]  00 00 00 00 19 03 00 00
 (1769387491.294445)  can0  0CF11F05   [8]  00 3B 1E 00 01 06 00 00
 (1769387491.320867)  can0  0CF11E05   [8]  00 00 00 00 19 03 00 00
 (1769387491.352076)  can0  0CF11F05   [8]  00 3B 1E 00 01 06 00 00
 (1769387491.380855)  can0  0CF11E05   [8]  00 00 00 00 19 03 00 00
 (1769387491.414469)  can0  0CF11F05   [8]  00 3B 1E 00 01 06 00 00
 (1769387491.440869)  can0  0CF11E05   [8]  00 00 00 00 19 03 00 00
 (1769387491.472113)  can0  0CF11F05   [8]  00 3B 1E 00 01 06 00 00
 (1769387491.500888)  can0  0CF11E05   [8]  00 00 00 00 18 03 00 00
 (1769387491.534510)  can0  0CF11F05   [8]  00 3B 1E 00 01 06 00 00
 (1769387491.560896)  can0  0CF11E05   [8]  00 00 00 00 18 03 00 00
 (1769387491.592130)  can0  0CF11F05   [8]  00 3B 1E 00 01 06 00 00
 (1769387491.620903)  can0  0CF11E05   [8]  00 00 00 00 18 03 00 00
 (1769387491.654534)  can0  0CF11F05   [8]  00 3B 1E 00 01 06 00 00
 (1769387491.680917)  can0  0CF11E05   [8]  00 00 00 00 19 03 00 00
 (1769387491.712154)  can0  0CF11F05   [8]  00 3B 1E 00 01 06 00 00
 (1769387491.740931)  can0  0CF11E05   [8]  00 00 00 00 18 03 00 00
 (1769387491.774564)  can0  0CF11F05   [8]  00 3B 1E 00 01 06 00 00
 (1769387491.800944)  can0  0CF11E05   [8]  00 00 00 00 18 03 00 00
 (1769387491.832173)  can0  0CF11F05   [8]  00 3B 1E 00 01 06 00 00
 (1769387491.860960)  can0  0CF11E05   [8]  00 00 00 00 18 03 00 00
 (1769387491.894585)  can0  0CF11F05   [8]  00 3B 1E 00 01 06 00 00
 (1769387491.920973)  can0  0CF11E05   [8]  00 00 00 00 18 03 00 00
 (1769387491.952198)  can0  0CF11F05   [8]  00 3B 1E 00 01 06 00 00
 (1769387491.980983)  can0  0CF11E05   [8]  00 00 00 00 18 03 00 00
 (1769387492.014610)  can0  0CF11F05   [8]  00 3B 1E 00 01 06 00 00
 (1769387492.041017)  can0  0CF11E05   [8]  00 00 00 00 18 03 00 00
 (1769387492.072186)  can0  0CF11F05   [8]  00 3B 1E 00 01 06 00 00
 (1769387492.101008)  can0  0CF11E05   [8]  00 00 00 00 18 03 00 00
 (1769387492.134632)  can0  0CF11F05   [8]  00 3B 1E 00 01 06 00 00
 (1769387492.161032)  can0  0CF11E05   [8]  00 00 00 00 19 03 00 00
 (1769387492.192215)  can0  0CF11F05   [8]  00 3B 1E 00 01 06 00 00
 (1769387492.221044)  can0  0CF11E05   [8]  00 00 00 00 18 03 00 00
 (1769387492.254667)  can0  0CF11F05   [8]  00 3B 1E 00 01 06 00 00
 (1769387492.281061)  can0  0CF11E05   [8]  00 00 00 00 19 03 00 00
 (1769387492.312238)  can0  0CF11F05   [8]  00 3B 1E 00 01 06 00 00
 (1769387492.341074)  can0  0CF11E05   [8]  00 00 00 00 18 03 00 00
 (1769387492.374682)  can0  0CF11F05   [8]  00 3B 1E 00 01 06 00 00
 (1769387492.401095)  can0  0CF11E05   [8]  00 00 00 00 18 03 00 00
 (1769387492.432260)  can0  0CF11F05   [8]  00 3B 1E 00 01 06 00 00
 (1769387492.461095)  can0  0CF11E05   [8]  00 00 00 00 19 03 00 00
 (1769387492.494709)  can0  0CF11F05   [8]  00 3B 1E 00 01 06 00 00
 (1769387492.521106)  can0  0CF11E05   [8]  00 00 00 00 18 03 00 00
 (1769387492.552287)  can0  0CF11F05   [8]  00 3B 1E 00 01 06 00 00
 (1769387492.581115)  can0  0CF11E05   [8]  00 00 00 00 19 03 00 00
 (1769387492.614697)  can0  0CF11F05   [8]  00 3B 1E 00 01 06 00 00
 (1769387492.641137)  can0  0CF11E05   [8]  00 00 00 00 18 03 00 00
 (1769387492.672307)  can0  0CF11F05   [8]  00 3B 1E 00 01 06 00 00
 (1769387492.701144)  can0  0CF11E05   [8]  00 00 00 00 19 03 00 00
 (1769387492.734720)  can0  0CF11F05   [8]  00 3B 1E 00 01 06 00 00
 (1769387492.761157)  can0  0CF11E05   [8]  00 00 00 00 19 03 00 00
 (1769387492.792334)  can0  0CF11F05   [8]  00 3B 1E 00 01 06 00 00
 (1769387492.821170)  can0  0CF11E05   [8]  00 00 00 00 18 03 00 00
 (1769387492.854752)  can0  0CF11F05   [8]  00 3B 1E 00 01 06 00 00
 (1769387492.881148)  can0  0CF11E05   [8]  00 00 00 00 19 03 00 00
 (1769387492.912381)  can0  0CF11F05   [8]  00 3B 1E 00 01 06 00 00
 (1769387492.941166)  can0  0CF11E05   [8]  00 00 00 00 18 03 00 00
 (1769387492.974764)  can0  0CF11F05   [8]  00 3B 1E 00 01 06 00 00
 (1769387493.001174)  can0  0CF11E05   [8]  00 00 00 00 19 03 00 00
 (1769387493.032402)  can0  0CF11F05   [8]  00 3B 1E 00 01 06 00 00
 (1769387493.061219)  can0  0CF11E05   [8]  00 00 00 00 18 03 00 00
 (1769387493.094792)  can0  0CF11F05   [8]  00 3B 1E 00 01 06 00 00
 (1769387493.121217)  can0  0CF11E05   [8]  00 00 00 00 19 03 00 00
 (1769387493.152429)  can0  0CF11F05   [8]  00 3B 1E 00 01 06 00 00
 (1769387493.181207)  can0  0CF11E05   [8]  00 00 00 00 19 03 00 00
 (1769387493.214836)  can0  0CF11F05   [8]  00 3B 1E 00 01 06 00 00
 (1769387493.241249)  can0  0CF11E05   [8]  00 00 00 00 19 03 00 00
 (1769387493.272422)  can0  0CF11F05   [8]  00 3B 1E 00 01 06 00 00
 (1769387493.301240)  can0  0CF11E05   [8]  00 00 00 00 18 03 00 00
 (1769387493.334864)  can0  0CF11F05   [8]  00 3B 1E 00 01 06 00 00
 (1769387493.361265)  can0  0CF11E05   [8]  00 00 00 00 19 03 00 00
 (1769387493.392448)  can0  0CF11F05   [8]  00 3B 1E 00 01 06 00 00
 (1769387493.421277)  can0  0CF11E05   [8]  00 00 00 00 19 03 00 00
 (1769387493.454860)  can0  0CF11F05   [8]  00 3B 1E 00 01 06 00 00
 (1769387493.481298)  can0  0CF11E05   [8]  00 00 00 00 18 03 00 00
 (1769387493.512473)  can0  0CF11F05   [8]  00 3B 1E 00 01 06 00 00
 (1769387493.541307)  can0  0CF11E05   [8]  00 00 00 00 18 03 00 00
 (1769387493.574879)  can0  0CF11F05   [8]  00 3B 1E 00 01 06 00 00
 (1769387493.601313)  can0  0CF11E05   [8]  00 00 00 00 19 03 00 00
 (1769387493.632492)  can0  0CF11F05   [8]  00 3B 1E 00 01 06 00 00
 (1769387493.661299)  can0  0CF11E05   [8]  00 00 00 00 19 03 00 00
 (1769387493.694904)  can0  0CF11F05   [8]  00 3B 1E 00 01 06 00 00
 (1769387493.721308)  can0  0CF11E05   [8]  00 00 00 00 19 03 00 00
 (1769387493.752525)  can0  0CF11F05   [8]  00 3B 1E 00 01 06 00 00
 (1769387493.781358)  can0  0CF11E05   [8]  00 00 00 00 19 03 00 00
 (1769387493.814935)  can0  0CF11F05   [8]  00 3B 1E 00 01 06 00 00
 (1769387493.841364)  can0  0CF11E05   [8]  00 00 00 00 19 03 00 00
 (1769387493.872541)  can0  0CF11F05   [8]  00 3B 1E 00 01 06 00 00
 (1769387493.901377)  can0  0CF11E05   [8]  00 00 00 00 19 03 00 00
 (1769387493.934949)  can0  0CF11F05   [8]  00 3B 1E 00 01 06 00 00
 (1769387493.961389)  can0  0CF11E05   [8]  00 00 00 00 18 03 00 00
 (1769387493.992567)  can0  0CF11F05   [8]  00 3B 1E 00 01 06 00 00
 (1769387494.021399)  can0  0CF11E05   [8]  00 00 00 00 18 03 00 00
 (1769387494.054976)  can0  0CF11F05   [8]  00 3B 1E 00 01 06 00 00
 (1769387494.081413)  can0  0CF11E05   [8]  00 00 00 00 19 03 00 00
 (1769387494.112585)  can0  0CF11F05   [8]  00 3B 1E 00 01 06 00 00
 (1769387494.141419)  can0  0CF11E05   [8]  00 00 00 00 19 03 00 00
 (1769387494.174989)  can0  0CF11F05   [8]  00 3B 1E 00 01 06 00 00
 (1769387494.201438)  can0  0CF11E05   [8]  00 00 00 00 18 03 00 00
 (1769387494.232614)  can0  0CF11F05   [8]  00 3B 1E 00 01 06 00 00
 (1769387494.261447)  can0  0CF11E05   [8]  00 00 00 00 19 03 00 00
 (1769387494.295024)  can0  0CF11F05   [8]  00 3B 1E 00 01 06 00 00
 (1769387494.321460)  can0  0CF11E05   [8]  00 00 00 00 18 03 00 00
 (1769387494.352657)  can0  0CF11F05   [8]  00 3B 1E 00 01 06 00 00
 (1769387494.381438)  can0  0CF11E05   [8]  00 00 00 00 18 03 00 00
 (1769387494.415070)  can0  0CF11F05   [8]  00 3B 1E 00 01 06 00 00
 (1769387494.441455)  can0  0CF11E05   [8]  00 00 00 00 18 03 00 00
 (1769387494.472678)  can0  0CF11F05   [8]  00 3B 1E 00 01 06 00 00
 (1769387494.501467)  can0  0CF11E05   [8]  00 00 00 00 18 03 00 00
 (1769387494.535089)  can0  0CF11F05   [8]  00 3B 1E 00 01 06 00 00
 (1769387494.561473)  can0  0CF11E05   [8]  00 00 00 00 19 03 00 00
 (1769387494.592698)  can0  0CF11F05   [8]  00 3B 1E 00 01 06 00 00
 (1769387494.621487)  can0  0CF11E05   [8]  00 00 00 00 18 03 00 00
 (1769387494.655110)  can0  0CF11F05   [8]  00 3B 1E 00 01 06 00 00
 (1769387494.681491)  can0  0CF11E05   [8]  00 00 00 00 19 03 00 00
 (1769387494.712726)  can0  0CF11F05   [8]  00 3B 1E 00 01 06 00 00
 (1769387494.741500)  can0  0CF11E05   [8]  00 00 00 00 19 03 00 00
 (1769387494.775133)  can0  0CF11F05   [8]  00 3B 1E 00 01 06 00 00
 (1769387494.801518)  can0  0CF11E05   [8]  00 00 00 00 19 03 00 00
 (1769387494.832750)  can0  0CF11F05   [8]  00 3B 1E 00 01 06 00 00
 (1769387494.861531)  can0  0CF11E05   [8]  00 00 00 00 18 03 00 00
 (1769387494.895160)  can0  0CF11F05   [8]  00 3B 1E 00 01 06 00 00
 (1769387494.921544)  can0  0CF11E05   [8]  00 00 00 00 18 03 00 00
 (1769387494.952773)  can0  0CF11F05   [8]  00 3B 1E 00 01 06 00 00
 (1769387494.981548)  can0  0CF11E05   [8]  00 00 00 00 19 03 00 00
 (1769387495.015177)  can0  0CF11F05   [8]  00 3B 1E 00 01 06 00 00
 (1769387495.041572)  can0  0CF11E05   [8]  00 00 00 00 18 03 00 00
 (1769387495.072804)  can0  0CF11F05   [8]  00 3B 1E 00 01 06 00 00
 (1769387495.101571)  can0  0CF11E05   [8]  00 00 00 00 19 03 00 00
 (1769387495.135201)  can0  0CF11F05   [8]  00 3B 1E 00 01 06 00 00
 (1769387495.161586)  can0  0CF11E05   [8]  00 00 00 00 19 03 00 00
 (1769387495.192806)  can0  0CF11F05   [8]  00 3B 1E 00 01 06 00 00
 (1769387495.221598)  can0  0CF11E05   [8]  00 00 00 00 19 03 00 00
 (1769387495.255236)  can0  0CF11F05   [8]  00 3B 1E 00 01 06 00 00
 (1769387495.281630)  can0  0CF11E05   [8]  00 00 00 00 19 03 00 00
 (1769387495.312843)  can0  0CF11F05   [8]  00 3B 1E 00 01 06 00 00
 (1769387495.341650)  can0  0CF11E05   [8]  00 00 00 00 18 03 00 00
 (1769387495.375257)  can0  0CF11F05   [8]  00 3B 1E 00 01 06 00 00
 (1769387495.401659)  can0  0CF11E05   [8]  00 00 00 00 19 03 00 00
 (1769387495.432867)  can0  0CF11F05   [8]  00 3B 1E 00 01 06 00 00
 (1769387495.461641)  can0  0CF11E05   [8]  00 00 00 00 18 03 00 00
 (1769387495.495269)  can0  0CF11F05   [8]  00 3B 1E 00 01 06 00 00
 (1769387495.521672)  can0  0CF11E05   [8]  00 00 00 00 19 03 00 00
 (1769387495.552855)  can0  0CF11F05   [8]  00 3B 1E 00 01 06 00 00
 (1769387495.581663)  can0  0CF11E05   [8]  00 00 00 00 18 03 00 00
 (1769387495.615293)  can0  0CF11F05   [8]  00 3B 1E 00 01 06 00 00
 (1769387495.641702)  can0  0CF11E05   [8]  00 00 00 00 19 03 00 00
 (1769387495.672887)  can0  0CF11F05   [8]  00 3B 1E 00 01 06 00 00
 (1769387495.701696)  can0  0CF11E05   [8]  00 00 00 00 18 03 00 00
 (1769387495.735330)  can0  0CF11F05   [8]  00 3B 1E 00 01 06 00 00
 (1769387495.761698)  can0  0CF11E05   [8]  00 00 00 00 18 03 00 00
 (1769387495.792910)  can0  0CF11F05   [8]  00 3B 1E 00 01 06 00 00
 (1769387495.821706)  can0  0CF11E05   [8]  00 00 00 00 19 03 00 00
 (1769387495.855333)  can0  0CF11F05   [8]  00 3B 1E 00 01 06 00 00
 (1769387495.881725)  can0  0CF11E05   [8]  00 00 00 00 19 03 00 00
 (1769387495.912958)  can0  0CF11F05   [8]  00 3B 1E 00 01 06 00 00
 (1769387495.941730)  can0  0CF11E05   [8]  00 00 00 00 19 03 00 00
 (1769387495.975377)  can0  0CF11F05   [8]  00 3B 1E 00 01 06 00 00
 (1769387496.001753)  can0  0CF11E05   [8]  00 00 00 00 18 03 00 00
 (1769387496.032946)  can0  0CF11F05   [8]  00 3B 1E 00 01 06 00 00
 (1769387496.061782)  can0  0CF11E05   [8]  00 00 00 00 18 03 00 00
 (1769387496.095397)  can0  0CF11F05   [8]  00 3B 1E 00 01 06 00 00
 (1769387496.121788)  can0  0CF11E05   [8]  00 00 00 00 19 03 00 00
 (1769387496.152973)  can0  0CF11F05   [8]  00 3B 1E 00 01 06 00 00
 (1769387496.181803)  can0  0CF11E05   [8]  00 00 00 00 18 03 00 00
 (1769387496.215420)  can0  0CF11F05   [8]  00 3B 1E 00 01 06 00 00
 (1769387496.241812)  can0  0CF11E05   [8]  00 00 00 00 18 03 00 00
 (1769387496.273030)  can0  0CF11F05   [8]  00 3B 1E 00 01 06 00 00
 (1769387496.301811)  can0  0CF11E05   [8]  00 00 00 00 18 03 00 00
 (1769387496.335432)  can0  0CF11F05   [8]  00 3B 1E 00 01 06 00 00
 (1769387496.361824)  can0  0CF11E05   [8]  00 00 00 00 18 03 00 00
 (1769387496.393050)  can0  0CF11F05   [8]  00 3B 1E 00 01 06 00 00
 (1769387496.421831)  can0  0CF11E05   [8]  00 00 00 00 18 03 00 00
 (1769387496.455465)  can0  0CF11F05   [8]  00 3B 1E 00 01 06 00 00
 (1769387496.481846)  can0  0CF11E05   [8]  00 00 00 00 18 03 00 00
 (1769387496.513043)  can0  0CF11F05   [8]  00 3B 1E 00 01 06 00 00
 (1769387496.541875)  can0  0CF11E05   [8]  00 00 00 00 18 03 00 00
 (1769387496.575489)  can0  0CF11F05   [8]  00 3B 1E 00 01 06 00 00
 (1769387496.601889)  can0  0CF11E05   [8]  00 00 00 00 18 03 00 00
 (1769387496.633098)  can0  0CF11F05   [8]  00 3B 1E 00 01 06 00 00
 (1769387496.661897)  can0  0CF11E05   [8]  00 00 00 00 19 03 00 00
 (1769387496.695509)  can0  0CF11F05   [8]  00 3B 1E 00 01 06 00 00
 (1769387496.721905)  can0  0CF11E05   [8]  00 00 00 00 19 03 00 00
 (1769387496.753088)  can0  0CF11F05   [8]  00 3B 1E 00 01 06 00 00
 (1769387496.781926)  can0  0CF11E05   [8]  00 00 00 00 18 03 00 00
 (1769387496.815537)  can0  0CF11F05   [8]  00 3B 1E 00 01 06 00 00
 (1769387496.841930)  can0  0CF11E05   [8]  00 00 00 00 19 03 00 00
 (1769387496.873113)  can0  0CF11F05   [8]  00 3B 1E 00 01 06 00 00
 (1769387496.901941)  can0  0CF11E05   [8]  00 00 00 00 18 03 00 00
 (1769387496.935558)  can0  0CF11F05   [8]  00 3B 1E 00 01 06 00 00
 (1769387496.961957)  can0  0CF11E05   [8]  00 00 00 00 18 03 00 00
 (1769387496.993140)  can0  0CF11F05   [8]  00 3B 1E 00 01 06 00 00
 (1769387497.021972)  can0  0CF11E05   [8]  00 00 00 00 18 03 00 00
 (1769387497.055545)  can0  0CF11F05   [8]  00 3B 1E 00 01 06 00 00
 (1769387497.081986)  can0  0CF11E05   [8]  00 00 00 00 18 03 00 00
 (1769387497.113155)  can0  0CF11F05   [8]  00 3B 1E 00 01 06 00 00
 (1769387497.141997)  can0  0CF11E05   [8]  00 00 00 00 18 03 00 00
 (1769387497.175606)  can0  0CF11F05   [8]  00 3B 1E 00 01 06 00 00
 (1769387497.202007)  can0  0CF11E05   [8]  00 00 00 00 19 03 00 00
 (1769387497.233184)  can0  0CF11F05   [8]  00 3B 1E 00 01 06 00 00
 (1769387497.262015)  can0  0CF11E05   [8]  00 00 00 00 19 03 00 00
 (1769387497.295595)  can0  0CF11F05   [8]  00 3B 1E 00 01 06 00 00
 (1769387497.322030)  can0  0CF11E05   [8]  00 00 00 00 18 03 00 00
 (1769387497.353212)  can0  0CF11F05   [8]  00 3B 1E 00 01 06 00 00
 (1769387497.382040)  can0  0CF11E05   [8]  00 00 00 00 18 03 00 00
 (1769387497.415650)  can0  0CF11F05   [8]  00 3B 1E 00 01 06 00 00
 (1769387497.442052)  can0  0CF11E05   [8]  00 00 00 00 18 03 00 00
 (1769387497.473273)  can0  0CF11F05   [8]  00 3B 1E 00 01 06 00 00
 (1769387497.502056)  can0  0CF11E05   [8]  00 00 00 00 19 03 00 00
 (1769387497.535645)  can0  0CF11F05   [8]  00 3B 1E 00 01 06 00 00
 (1769387497.562041)  can0  0CF11E05   [8]  00 00 00 00 18 03 00 00
 (1769387497.593260)  can0  0CF11F05   [8]  00 3B 1E 00 01 06 00 00
 (1769387497.622093)  can0  0CF11E05   [8]  00 00 00 00 18 03 00 00
 (1769387497.655667)  can0  0CF11F05   [8]  00 3B 1E 00 01 06 00 00
 (1769387497.682100)  can0  0CF11E05   [8]  00 00 00 00 19 03 00 00
 (1769387497.713296)  can0  0CF11F05   [8]  00 3B 1E 00 01 06 00 00
 (1769387497.742079)  can0  0CF11E05   [8]  00 00 00 00 19 03 00 00
 (1769387497.775707)  can0  0CF11F05   [8]  00 3B 1E 00 01 06 00 00
 (1769387497.802088)  can0  0CF11E05   [8]  00 00 00 00 19 03 00 00
 (1769387497.833324)  can0  0CF11F05   [8]  00 3B 1E 00 01 06 00 00
 (1769387497.862125)  can0  0CF11E05   [8]  00 00 00 00 19 03 00 00
 (1769387497.895710)  can0  0CF11F05   [8]  00 3B 1E 00 01 06 00 00
 (1769387497.922118)  can0  0CF11E05   [8]  00 00 00 00 18 03 00 00
 (1769387497.953323)  can0  0CF11F05   [8]  00 3B 1E 00 01 06 00 00
 (1769387497.982152)  can0  0CF11E05   [8]  00 00 00 00 19 03 00 00
 (1769387498.015768)  can0  0CF11F05   [8]  00 3B 1E 00 01 06 00 00
 (1769387498.042140)  can0  0CF11E05   [8]  00 00 00 00 19 03 00 00
 (1769387498.073368)  can0  0CF11F05   [8]  00 3B 1E 00 01 06 00 00
 (1769387498.102177)  can0  0CF11E05   [8]  00 00 00 00 19 03 00 00
 (1769387498.135759)  can0  0CF11F05   [8]  00 3B 1E 00 01 06 00 00
 (1769387498.162162)  can0  0CF11E05   [8]  00 00 00 00 19 03 00 00
 (1769387498.193396)  can0  0CF11F05   [8]  00 3B 1E 00 01 06 00 00
 (1769387498.222208)  can0  0CF11E05   [8]  00 00 00 00 18 03 00 00
 (1769387498.255779)  can0  0CF11F05   [8]  00 3B 1E 00 01 06 00 00
 (1769387498.282217)  can0  0CF11E05   [8]  00 00 00 00 18 03 00 00
 (1769387498.313412)  can0  0CF11F05   [8]  00 3B 1E 00 01 06 00 00
 (1769387498.342190)  can0  0CF11E05   [8]  00 00 00 00 19 03 00 00
 (1769387498.375807)  can0  0CF11F05   [8]  00 3B 1E 00 01 06 00 00
 (1769387498.402206)  can0  0CF11E05   [8]  00 00 00 00 19 03 00 00
 (1769387498.433437)  can0  0CF11F05   [8]  00 3B 1E 00 01 06 00 00
 (1769387498.462217)  can0  0CF11E05   [8]  00 00 00 00 18 03 00 00
 (1769387498.495832)  can0  0CF11F05   [8]  00 3B 1E 00 01 06 00 00
 (1769387498.522271)  can0  0CF11E05   [8]  00 00 00 00 18 03 00 00
 (1769387498.553443)  can0  0CF11F05   [8]  00 3B 1E 00 01 06 00 00
 (1769387498.582280)  can0  0CF11E05   [8]  00 00 00 00 18 03 00 00
 (1769387498.615851)  can0  0CF11F05   [8]  00 3B 1E 00 01 06 00 00
 (1769387498.642257)  can0  0CF11E05   [8]  00 00 00 00 18 03 00 00
 (1769387498.673485)  can0  0CF11F05   [8]  00 3B 1E 00 01 06 00 00
 (1769387498.702263)  can0  0CF11E05   [8]  00 00 00 00 19 03 00 00
 (1769387498.735896)  can0  0CF11F05   [8]  00 3B 1E 00 01 06 00 00
 (1769387498.762276)  can0  0CF11E05   [8]  00 00 00 00 19 03 00 00
 (1769387498.793509)  can0  0CF11F05   [8]  00 3B 1E 00 01 06 00 00
 (1769387498.822294)  can0  0CF11E05   [8]  00 00 00 00 18 03 00 00
 (1769387498.855914)  can0  0CF11F05   [8]  00 3B 1E 00 01 06 00 00
 (1769387498.882303)  can0  0CF11E05   [8]  00 00 00 00 19 03 00 00
 (1769387498.913529)  can0  0CF11F05   [8]  00 3B 1E 00 01 06 00 00
 (1769387498.942318)  can0  0CF11E05   [8]  00 00 00 00 18 03 00 00
 (1769387498.975939)  can0  0CF11F05   [8]  00 3B 1E 00 01 06 00 00
 (1769387499.002327)  can0  0CF11E05   [8]  00 00 00 00 18 03 00 00
 (1769387499.033561)  can0  0CF11F05   [8]  00 3B 1E 00 01 06 00 00
 (1769387499.062337)  can0  0CF11E05   [8]  00 00 00 00 18 03 00 00
 (1769387499.095975)  can0  0CF11F05   [8]  00 3B 1E 00 01 06 00 00
 (1769387499.122370)  can0  0CF11E05   [8]  00 00 00 00 18 03 00 00
 (1769387499.153548)  can0  0CF11F05   [8]  00 3B 1E 00 01 06 00 00
 (1769387499.182388)  can0  0CF11E05   [8]  00 00 00 00 18 03 00 00
 (1769387499.215959)  can0  0CF11F05   [8]  00 3B 1E 00 01 06 00 00
 (1769387499.242396)  can0  0CF11E05   [8]  00 00 00 00 19 03 00 00
 (1769387499.273574)  can0  0CF11F05   [8]  00 3B 1E 00 01 06 00 00
 (1769387499.302412)  can0  0CF11E05   [8]  00 00 00 00 18 03 00 00
 (1769387499.336020)  can0  0CF11F05   [8]  00 3B 1E 00 01 06 00 00
 (1769387499.362423)  can0  0CF11E05   [8]  00 00 00 00 18 03 00 00
 (1769387499.393595)  can0  0CF11F05   [8]  00 3B 1E 00 01 06 00 00
 (1769387499.422426)  can0  0CF11E05   [8]  00 00 00 00 19 03 00 00
 (1769387499.456043)  can0  0CF11F05   [8]  00 3B 1E 00 01 06 00 00
 (1769387499.482447)  can0  0CF11E05   [8]  00 00 00 00 18 03 00 00
 (1769387499.513619)  can0  0CF11F05   [8]  00 3B 1E 00 01 06 00 00
 (1769387499.542435)  can0  0CF11E05   [8]  00 00 00 00 19 03 00 00
 (1769387499.576063)  can0  0CF11F05   [8]  00 3B 1E 00 01 06 00 00
 (1769387499.602459)  can0  0CF11E05   [8]  00 00 00 00 19 03 00 00
 (1769387499.633677)  can0  0CF11F05   [8]  00 3B 1E 00 01 06 00 00
 (1769387499.662474)  can0  0CF11E05   [8]  00 00 00 00 19 03 00 00
 (1769387499.696088)  can0  0CF11F05   [8]  00 3B 1E 00 01 06 00 00
 (1769387499.722489)  can0  0CF11E05   [8]  00 00 00 00 18 03 00 00
 (1769387499.753668)  can0  0CF11F05   [8]  00 3B 1E 00 01 06 00 00
 (1769387499.782505)  can0  0CF11E05   [8]  00 00 00 00 19 03 00 00
 (1769387499.816112)  can0  0CF11F05   [8]  00 3B 1E 00 01 06 00 00
 (1769387499.842515)  can0  0CF11E05   [8]  00 00 00 00 18 03 00 00
 (1769387499.873697)  can0  0CF11F05   [8]  00 3B 1E 00 01 06 00 00
 (1769387499.902534)  can0  0CF11E05   [8]  00 00 00 00 18 03 00 00
 (1769387499.936104)  can0  0CF11F05   [8]  00 3B 1E 00 01 06 00 00
 (1769387499.962536)  can0  0CF11E05   [8]  00 00 00 00 18 03 00 00
 (1769387499.993717)  can0  0CF11F05   [8]  00 3B 1E 00 01 06 00 00
 (1769387500.022543)  can0  0CF11E05   [8]  00 00 00 00 19 03 00 00
 (1769387500.056127)  can0  0CF11F05   [8]  00 3B 1E 00 01 06 00 00
 (1769387500.082563)  can0  0CF11E05   [8]  00 00 00 00 19 03 00 00
 (1769387500.113737)  can0  0CF11F05   [8]  00 3B 1E 00 01 06 00 00
 (1769387500.142574)  can0  0CF11E05   [8]  00 00 00 00 19 03 00 00
 (1769387500.176148)  can0  0CF11F05   [8]  00 3B 1E 00 01 06 00 00
 (1769387500.202588)  can0  0CF11E05   [8]  00 00 00 00 19 03 00 00
 (1769387500.233766)  can0  0CF11F05   [8]  00 3B 1E 00 01 06 00 00
 (1769387500.262593)  can0  0CF11E05   [8]  00 00 00 00 18 03 00 00
 (1769387500.296176)  can0  0CF11F05   [8]  00 3B 1E 00 01 06 00 00
 (1769387500.322579)  can0  0CF11E05   [8]  00 00 00 00 18 03 00 00
 (1769387500.353810)  can0  0CF11F05   [8]  00 3B 1E 00 01 06 00 00
 (1769387500.382621)  can0  0CF11E05   [8]  00 00 00 00 19 03 00 00
 (1769387500.416216)  can0  0CF11F05   [8]  00 3B 1E 00 01 06 00 00
 (1769387500.442629)  can0  0CF11E05   [8]  00 00 00 00 19 03 00 00
 (1769387500.473806)  can0  0CF11F05   [8]  00 3B 1E 00 01 06 00 00
 (1769387500.502614)  can0  0CF11E05   [8]  00 00 00 00 19 03 00 00
 (1769387500.536250)  can0  0CF11F05   [8]  00 3B 1E 00 01 06 00 00
 (1769387500.562655)  can0  0CF11E05   [8]  00 00 00 00 18 03 00 00
 (1769387500.593829)  can0  0CF11F05   [8]  00 3B 1E 00 01 06 00 00
 (1769387500.622633)  can0  0CF11E05   [8]  00 00 00 00 19 03 00 00
 (1769387500.656277)  can0  0CF11F05   [8]  00 3B 1E 00 01 06 00 00
 (1769387500.682652)  can0  0CF11E05   [8]  00 00 00 00 19 03 00 00
 (1769387500.713854)  can0  0CF11F05   [8]  00 3B 1E 00 01 06 00 00
 (1769387500.742664)  can0  0CF11E05   [8]  00 00 00 00 19 03 00 00
 (1769387500.776296)  can0  0CF11F05   [8]  00 3B 1E 00 01 06 00 00
 (1769387500.802692)  can0  0CF11E05   [8]  00 00 00 00 19 03 00 00
 (1769387500.833874)  can0  0CF11F05   [8]  00 3B 1E 00 01 06 00 00
 (1769387500.862698)  can0  0CF11E05   [8]  00 00 00 00 19 03 00 00
 (1769387500.896323)  can0  0CF11F05   [8]  00 3B 1E 00 01 06 00 00
 (1769387500.922716)  can0  0CF11E05   [8]  00 00 00 00 18 03 00 00
 (1769387500.953896)  can0  0CF11F05   [8]  00 3B 1E 00 01 06 00 00
 (1769387500.982737)  can0  0CF11E05   [8]  00 00 00 00 18 03 00 00
 (1769387501.016345)  can0  0CF11F05   [8]  00 3B 1E 00 01 06 00 00
 (1769387501.042746)  can0  0CF11E05   [8]  00 00 00 00 19 03 00 00
 (1769387501.073922)  can0  0CF11F05   [8]  00 3B 1E 00 01 06 00 00
 (1769387501.102762)  can0  0CF11E05   [8]  00 00 00 00 18 03 00 00
 (1769387501.136333)  can0  0CF11F05   [8]  00 3B 1E 00 01 06 00 00
 (1769387501.162764)  can0  0CF11E05   [8]  00 00 00 00 18 03 00 00
 (1769387501.193949)  can0  0CF11F05   [8]  00 3B 1E 00 01 06 00 00
 (1769387501.222774)  can0  0CF11E05   [8]  00 00 00 00 18 03 00 00
 (1769387501.256353)  can0  0CF11F05   [8]  00 3B 1E 00 01 06 00 00
 (1769387501.282789)  can0  0CF11E05   [8]  00 00 00 00 18 03 00 00
 (1769387501.313974)  can0  0CF11F05   [8]  00 3B 1E 00 01 06 00 00
 (1769387501.342798)  can0  0CF11E05   [8]  00 00 00 00 19 03 00 00
 (1769387501.376381)  can0  0CF11F05   [8]  00 3B 1E 00 01 06 00 00
 (1769387501.402782)  can0  0CF11E05   [8]  00 00 00 00 18 03 00 00
 (1769387501.434014)  can0  0CF11F05   [8]  00 3B 1E 00 01 06 00 00
 (1769387501.462796)  can0  0CF11E05   [8]  00 00 00 00 18 03 00 00
 (1769387501.496413)  can0  0CF11F05   [8]  00 3B 1E 00 01 06 00 00
 (1769387501.522804)  can0  0CF11E05   [8]  00 00 00 00 19 03 00 00
 (1769387501.554044)  can0  0CF11F05   [8]  00 3B 1E 00 01 06 00 00
 (1769387501.582823)  can0  0CF11E05   [8]  00 00 00 00 18 03 00 00
 (1769387501.616452)  can0  0CF11F05   [8]  00 3B 1E 00 01 06 00 00
 (1769387501.642833)  can0  0CF11E05   [8]  00 00 00 00 19 03 00 00
 (1769387501.674065)  can0  0CF11F05   [8]  00 3B 1E 00 01 06 00 00
 (1769387501.702850)  can0  0CF11E05   [8]  00 00 00 00 18 03 00 00
 (1769387501.736477)  can0  0CF11F05   [8]  00 3B 1E 00 01 06 00 00
 (1769387501.762887)  can0  0CF11E05   [8]  00 00 00 00 19 03 00 00
 (1769387501.794091)  can0  0CF11F05   [8]  00 3B 1E 00 01 06 00 00
 (1769387501.822867)  can0  0CF11E05   [8]  00 00 00 00 18 03 00 00
 (1769387501.856504)  can0  0CF11F05   [8]  00 3B 1E 00 01 06 00 00
 (1769387501.882903)  can0  0CF11E05   [8]  00 00 00 00 19 03 00 00
 (1769387501.914082)  can0  0CF11F05   [8]  00 3B 1E 00 01 06 00 00
 (1769387501.942933)  can0  0CF11E05   [8]  00 00 00 00 18 03 00 00
 (1769387501.976530)  can0  0CF11F05   [8]  00 3B 1E 00 01 06 00 00
 (1769387502.002931)  can0  0CF11E05   [8]  00 00 00 00 19 03 00 00
 (1769387502.034112)  can0  0CF11F05   [8]  00 3B 1E 00 01 06 00 00
 (1769387502.062936)  can0  0CF11E05   [8]  00 00 00 00 19 03 00 00
 (1769387502.096553)  can0  0CF11F05   [8]  00 3B 1E 00 01 06 00 00
 (1769387502.122949)  can0  0CF11E05   [8]  00 00 00 00 19 03 00 00
 (1769387502.154127)  can0  0CF11F05   [8]  00 3B 1E 00 01 06 00 00
 (1769387502.182964)  can0  0CF11E05   [8]  00 00 00 00 18 03 00 00
 (1769387502.216541)  can0  0CF11F05   [8]  00 3B 1E 00 01 06 00 00
 (1769387502.242977)  can0  0CF11E05   [8]  00 00 00 00 19 03 00 00
 (1769387502.274159)  can0  0CF11F05   [8]  00 3B 1E 00 01 06 00 00
 (1769387502.302955)  can0  0CF11E05   [8]  00 00 00 00 18 03 00 00
 (1769387502.336567)  can0  0CF11F05   [8]  00 3B 1E 00 01 06 00 00
 (1769387502.362965)  can0  0CF11E05   [8]  00 00 00 00 19 03 00 00
 (1769387502.394182)  can0  0CF11F05   [8]  00 3B 1E 00 01 06 00 00
 (1769387502.423014)  can0  0CF11E05   [8]  00 00 00 00 19 03 00 00
 (1769387502.456590)  can0  0CF11F05   [8]  00 3B 1E 00 01 06 00 00
 (1769387502.483033)  can0  0CF11E05   [8]  00 00 00 00 18 03 00 00
 (1769387502.514223)  can0  0CF11F05   [8]  00 3B 1E 00 01 06 00 00
 (1769387502.543005)  can0  0CF11E05   [8]  00 00 00 00 19 03 00 00
 (1769387502.576636)  can0  0CF11F05   [8]  00 3B 1E 00 01 06 00 00
 (1769387502.603015)  can0  0CF11E05   [8]  00 00 00 00 19 03 00 00
 (1769387502.634255)  can0  0CF11F05   [8]  00 3B 1E 00 01 06 00 00
 (1769387502.663032)  can0  0CF11E05   [8]  00 00 00 00 18 03 00 00
 (1769387502.696656)  can0  0CF11F05   [8]  00 3B 1E 00 01 06 00 00
 (1769387502.723045)  can0  0CF11E05   [8]  00 00 00 00 18 03 00 00
 (1769387502.754268)  can0  0CF11F05   [8]  00 3B 1E 00 01 06 00 00
 (1769387502.783040)  can0  0CF11E05   [8]  00 00 00 00 19 03 00 00
 (1769387502.816659)  can0  0CF11F05   [8]  00 3B 1E 00 01 06 00 00
 (1769387502.843086)  can0  0CF11E05   [8]  00 00 00 00 18 03 00 00
 (1769387502.874265)  can0  0CF11F05   [8]  00 3B 1E 00 01 06 00 00
 (1769387502.903077)  can0  0CF11E05   [8]  00 00 00 00 18 03 00 00
 (1769387502.936706)  can0  0CF11F05   [8]  00 3B 1E 00 01 06 00 00
 (1769387502.963118)  can0  0CF11E05   [8]  00 00 00 00 18 03 00 00
 (1769387502.994311)  can0  0CF11F05   [8]  00 3B 1E 00 01 06 00 00
 (1769387503.023128)  can0  0CF11E05   [8]  00 00 00 00 18 03 00 00
 (1769387503.056706)  can0  0CF11F05   [8]  00 3B 1E 00 01 06 00 00
 (1769387503.083131)  can0  0CF11E05   [8]  00 00 00 00 19 03 00 00
 (1769387503.114343)  can0  0CF11F05   [8]  00 3B 1E 00 01 06 00 00
 (1769387503.143124)  can0  0CF11E05   [8]  00 00 00 00 18 03 00 00
 (1769387503.176750)  can0  0CF11F05   [8]  00 3B 1E 00 01 06 00 00
 (1769387503.203135)  can0  0CF11E05   [8]  00 00 00 00 18 03 00 00
 (1769387503.234363)  can0  0CF11F05   [8]  00 3B 1E 00 01 06 00 00
 (1769387503.263142)  can0  0CF11E05   [8]  00 00 00 00 19 03 00 00
 (1769387503.296770)  can0  0CF11F05   [8]  00 3B 1E 00 01 06 00 00
 (1769387503.323154)  can0  0CF11E05   [8]  00 00 00 00 19 03 00 00
 (1769387503.354383)  can0  0CF11F05   [8]  00 3B 1E 00 01 06 00 00
 (1769387503.383169)  can0  0CF11E05   [8]  00 00 00 00 18 03 00 00
 (1769387503.416806)  can0  0CF11F05   [8]  00 3B 1E 00 01 06 00 00
 (1769387503.443179)  can0  0CF11E05   [8]  00 00 00 00 19 03 00 00
 (1769387503.474462)  can0  0CF11F05   [8]  00 3B 1E 00 01 06 00 00
 (1769387503.503187)  can0  0CF11E05   [8]  00 00 00 00 19 03 00 00
 (1769387503.536850)  can0  0CF11F05   [8]  00 3B 1E 00 01 06 00 00
 (1769387503.563200)  can0  0CF11E05   [8]  00 00 00 00 19 03 00 00
 (1769387503.594433)  can0  0CF11F05   [8]  00 3B 1E 00 01 06 00 00
 (1769387503.623218)  can0  0CF11E05   [8]  00 00 00 00 18 03 00 00
 (1769387503.656839)  can0  0CF11F05   [8]  00 3B 1E 00 01 06 00 00
 (1769387503.683248)  can0  0CF11E05   [8]  00 00 00 00 18 03 00 00
 (1769387503.714420)  can0  0CF11F05   [8]  00 3B 1E 00 01 06 00 00
 (1769387503.743256)  can0  0CF11E05   [8]  00 00 00 00 18 03 00 00
 (1769387503.776860)  can0  0CF11F05   [8]  00 3B 1E 00 01 06 00 00
 (1769387503.803271)  can0  0CF11E05   [8]  00 00 00 00 18 03 00 00
 (1769387503.834449)  can0  0CF11F05   [8]  00 3B 1E 00 01 06 00 00
 (1769387503.863275)  can0  0CF11E05   [8]  00 00 00 00 19 03 00 00
 (1769387503.896895)  can0  0CF11F05   [8]  00 3B 1E 00 01 06 00 00
 (1769387503.923294)  can0  0CF11E05   [8]  00 00 00 00 19 03 00 00
 (1769387503.954463)  can0  0CF11F05   [8]  00 3B 1E 00 01 06 00 00
 (1769387503.983301)  can0  0CF11E05   [8]  00 00 00 00 19 03 00 00
 (1769387504.016915)  can0  0CF11F05   [8]  00 3B 1E 00 01 06 00 00
 (1769387504.043322)  can0  0CF11E05   [8]  00 00 00 00 18 03 00 00
 (1769387504.074492)  can0  0CF11F05   [8]  00 3B 1E 00 01 06 00 00
 (1769387504.103328)  can0  0CF11E05   [8]  00 00 00 00 18 03 00 00
 (1769387504.136942)  can0  0CF11F05   [8]  00 3B 1E 00 01 06 00 00
 (1769387504.163334)  can0  0CF11E05   [8]  00 00 00 00 19 03 00 00
 (1769387504.194519)  can0  0CF11F05   [8]  00 3B 1E 00 01 06 00 00
 (1769387504.223348)  can0  0CF11E05   [8]  00 00 00 00 19 03 00 00
 (1769387504.256926)  can0  0CF11F05   [8]  00 3B 1E 00 01 06 00 00
 (1769387504.283363)  can0  0CF11E05   [8]  00 00 00 00 19 03 00 00
 (1769387504.314544)  can0  0CF11F05   [8]  00 3B 1E 00 01 06 00 00
 (1769387504.343372)  can0  0CF11E05   [8]  00 00 00 00 19 03 00 00
 (1769387504.376950)  can0  0CF11F05   [8]  00 3B 1E 00 01 06 00 00
 (1769387504.403382)  can0  0CF11E05   [8]  00 00 00 00 18 03 00 00
 (1769387504.434558)  can0  0CF11F05   [8]  00 3B 1E 00 01 06 00 00
 (1769387504.463392)  can0  0CF11E05   [8]  00 00 00 00 19 03 00 00
 (1769387504.497006)  can0  0CF11F05   [8]  00 3B 1E 00 01 06 00 00
 (1769387504.523406)  can0  0CF11E05   [8]  00 00 00 00 19 03 00 00
 (1769387504.554584)  can0  0CF11F05   [8]  00 3B 1E 00 01 06 00 00
 (1769387504.583422)  can0  0CF11E05   [8]  00 00 00 00 18 03 00 00
 (1769387504.616996)  can0  0CF11F05   [8]  00 3B 1E 00 01 06 00 00
 (1769387504.643429)  can0  0CF11E05   [8]  00 00 00 00 18 03 00 00
 (1769387504.674608)  can0  0CF11F05   [8]  00 3B 1E 00 01 06 00 00
 (1769387504.703440)  can0  0CF11E05   [8]  00 00 00 00 18 03 00 00
 (1769387504.737022)  can0  0CF11F05   [8]  00 3B 1E 00 01 06 00 00
 (1769387504.763456)  can0  0CF11E05   [8]  00 00 00 00 18 03 00 00
 (1769387504.794636)  can0  0CF11F05   [8]  00 3B 1E 00 01 06 00 00
 (1769387504.823469)  can0  0CF11E05   [8]  00 00 00 00 18 03 00 00
 (1769387504.857041)  can0  0CF11F05   [8]  00 3B 1E 00 01 06 00 00
 (1769387504.883480)  can0  0CF11E05   [8]  00 00 00 00 19 03 00 00
 (1769387504.914654)  can0  0CF11F05   [8]  00 3B 1E 00 01 06 00 00
 (1769387504.943489)  can0  0CF11E05   [8]  00 00 00 00 19 03 00 00
 (1769387504.977064)  can0  0CF11F05   [8]  00 3B 1E 00 01 06 00 00
 (1769387505.003494)  can0  0CF11E05   [8]  00 00 00 00 18 03 00 00
 (1769387505.034681)  can0  0CF11F05   [8]  00 3B 1E 00 01 06 00 00
 (1769387505.063506)  can0  0CF11E05   [8]  00 00 00 00 18 03 00 00
 (1769387505.097083)  can0  0CF11F05   [8]  00 3B 1E 00 01 06 00 00
 (1769387505.123522)  can0  0CF11E05   [8]  00 00 00 00 18 03 00 00
 (1769387505.154701)  can0  0CF11F05   [8]  00 3B 1E 00 01 06 00 00
 (1769387505.183530)  can0  0CF11E05   [8]  00 00 00 00 19 03 00 00
 (1769387505.217135)  can0  0CF11F05   [8]  00 3B 1E 00 01 06 00 00
 (1769387505.243551)  can0  0CF11E05   [8]  00 00 00 00 18 03 00 00
 (1769387505.274724)  can0  0CF11F05   [8]  00 3B 1E 00 01 06 00 00
 (1769387505.303553)  can0  0CF11E05   [8]  00 00 00 00 18 03 00 00
 (1769387505.337135)  can0  0CF11F05   [8]  00 3B 1E 00 01 06 00 00
 (1769387505.363556)  can0  0CF11E05   [8]  00 00 00 00 19 03 00 00
 (1769387505.394770)  can0  0CF11F05   [8]  00 3B 1E 00 01 06 00 00
 (1769387505.423553)  can0  0CF11E05   [8]  00 00 00 00 18 03 00 00
 (1769387505.457172)  can0  0CF11F05   [8]  00 3B 1E 00 01 06 00 00
 (1769387505.483590)  can0  0CF11E05   [8]  00 00 00 00 18 03 00 00
 (1769387505.514765)  can0  0CF11F05   [8]  00 3B 1E 00 01 06 00 00
 (1769387505.543578)  can0  0CF11E05   [8]  00 00 00 00 18 03 00 00
 (1769387505.577211)  can0  0CF11F05   [8]  00 3B 1E 00 01 06 00 00
 (1769387505.603603)  can0  0CF11E05   [8]  00 00 00 00 19 03 00 00
 (1769387505.634790)  can0  0CF11F05   [8]  00 3B 1E 00 01 06 00 00
 (1769387505.663613)  can0  0CF11E05   [8]  00 00 00 00 19 03 00 00
 (1769387505.697209)  can0  0CF11F05   [8]  00 3B 1E 00 01 06 00 00
 (1769387505.723632)  can0  0CF11E05   [8]  00 00 00 00 18 03 00 00
 (1769387505.754809)  can0  0CF11F05   [8]  00 3B 1E 00 01 06 00 00
 (1769387505.783646)  can0  0CF11E05   [8]  00 00 00 00 18 03 00 00
 (1769387505.817264)  can0  0CF11F05   [8]  00 3B 1E 00 01 06 00 00
 (1769387505.843664)  can0  0CF11E05   [8]  00 00 00 00 18 03 00 00
 (1769387505.874837)  can0  0CF11F05   [8]  00 3B 1E 00 01 06 00 00
 (1769387505.903669)  can0  0CF11E05   [8]  00 00 00 00 18 03 00 00
 (1769387505.937256)  can0  0CF11F05   [8]  00 3B 1E 00 01 06 00 00
 (1769387505.963672)  can0  0CF11E05   [8]  00 00 00 00 19 03 00 00
 (1769387505.994861)  can0  0CF11F05   [8]  00 3B 1E 00 01 06 00 00
 (1769387506.023690)  can0  0CF11E05   [8]  00 00 00 00 18 03 00 00
 (1769387506.057281)  can0  0CF11F05   [8]  00 3B 1E 00 01 06 00 00
 (1769387506.083704)  can0  0CF11E05   [8]  00 00 00 00 18 03 00 00
 (1769387506.114885)  can0  0CF11F05   [8]  00 3B 1E 00 01 06 00 00
 (1769387506.143682)  can0  0CF11E05   [8]  00 00 00 00 19 03 00 00
 (1769387506.177295)  can0  0CF11F05   [8]  00 3B 1E 00 01 06 00 00
 (1769387506.203695)  can0  0CF11E05   [8]  00 00 00 00 18 03 00 00
 (1769387506.234909)  can0  0CF11F05   [8]  00 3B 1E 00 01 06 00 00
 (1769387506.263702)  can0  0CF11E05   [8]  00 00 00 00 19 03 00 00
 (1769387506.297319)  can0  0CF11F05   [8]  00 3B 1E 00 01 06 00 00
 (1769387506.323752)  can0  0CF11E05   [8]  00 00 00 00 18 03 00 00
 (1769387506.354953)  can0  0CF11F05   [8]  00 3B 1E 00 01 06 00 00
 (1769387506.383726)  can0  0CF11E05   [8]  00 00 00 00 19 03 00 00
 (1769387506.417355)  can0  0CF11F05   [8]  00 3B 1E 00 01 06 00 00
 (1769387506.443740)  can0  0CF11E05   [8]  00 00 00 00 19 03 00 00
 (1769387506.474973)  can0  0CF11F05   [8]  00 3B 1E 00 01 06 00 00
 (1769387506.503753)  can0  0CF11E05   [8]  00 00 00 00 18 03 00 00
 (1769387506.537386)  can0  0CF11F05   [8]  00 3B 1E 00 01 06 00 00
 (1769387506.563764)  can0  0CF11E05   [8]  00 00 00 00 18 03 00 00
 (1769387506.594994)  can0  0CF11F05   [8]  00 3B 1E 00 01 06 00 00
 (1769387506.623778)  can0  0CF11E05   [8]  00 00 00 00 18 03 00 00
 (1769387506.657410)  can0  0CF11F05   [8]  00 3B 1E 00 01 06 00 00
 (1769387506.683796)  can0  0CF11E05   [8]  00 00 00 00 18 03 00 00
 (1769387506.715021)  can0  0CF11F05   [8]  00 3B 1E 00 01 06 00 00
 (1769387506.743806)  can0  0CF11E05   [8]  00 00 00 00 18 03 00 00
 (1769387506.777463)  can0  0CF11F05   [8]  00 3B 1E 00 01 06 00 00
 (1769387506.803805)  can0  0CF11E05   [8]  00 00 00 00 19 03 00 00
 (1769387506.835040)  can0  0CF11F05   [8]  00 3B 1E 00 01 06 00 00
 (1769387506.863828)  can0  0CF11E05   [8]  00 00 00 00 18 03 00 00
 (1769387506.897458)  can0  0CF11F05   [8]  00 3B 1E 00 01 06 00 00
 (1769387506.923860)  can0  0CF11E05   [8]  00 00 00 00 18 03 00 00
 (1769387506.955043)  can0  0CF11F05   [8]  00 3B 1E 00 01 06 00 00
 (1769387506.983871)  can0  0CF11E05   [8]  00 00 00 00 19 03 00 00
 (1769387507.017447)  can0  0CF11F05   [8]  00 3B 1E 00 01 06 00 00
 (1769387507.043888)  can0  0CF11E05   [8]  00 00 00 00 19 03 00 00
 (1769387507.075059)  can0  0CF11F05   [8]  00 3B 1E 00 01 06 00 00
 (1769387507.103896)  can0  0CF11E05   [8]  00 00 00 00 19 03 00 00
 (1769387507.137504)  can0  0CF11F05   [8]  00 3B 1E 00 01 06 00 00
 (1769387507.163900)  can0  0CF11E05   [8]  00 00 00 00 19 03 00 00
 (1769387507.195082)  can0  0CF11F05   [8]  00 3B 1E 00 01 06 00 00
 (1769387507.223898)  can0  0CF11E05   [8]  00 00 00 00 18 03 00 00
 (1769387507.257526)  can0  0CF11F05   [8]  00 3B 1E 00 01 06 00 00
 (1769387507.283928)  can0  0CF11E05   [8]  00 00 00 00 18 03 00 00
 (1769387507.315100)  can0  0CF11F05   [8]  00 3B 1E 00 01 06 00 00
 (1769387507.343934)  can0  0CF11E05   [8]  00 00 00 00 19 03 00 00
 (1769387507.377543)  can0  0CF11F05   [8]  00 3B 1E 00 01 06 00 00
 (1769387507.403926)  can0  0CF11E05   [8]  00 00 00 00 19 03 00 00
 (1769387507.435153)  can0  0CF11F05   [8]  00 3B 1E 00 01 06 00 00
 (1769387507.463955)  can0  0CF11E05   [8]  00 00 00 00 19 03 00 00
 (1769387507.497563)  can0  0CF11F05   [8]  00 3B 1E 00 01 06 00 00
 (1769387507.523972)  can0  0CF11E05   [8]  00 00 00 00 18 03 00 00
 (1769387507.555185)  can0  0CF11F05   [8]  00 3B 1E 00 01 06 00 00
 (1769387507.583979)  can0  0CF11E05   [8]  00 00 00 00 18 03 00 00
 (1769387507.617596)  can0  0CF11F05   [8]  00 3B 1E 00 01 06 00 00
 (1769387507.643995)  can0  0CF11E05   [8]  00 00 00 00 19 03 00 00
 (1769387507.675171)  can0  0CF11F05   [8]  00 3B 1E 00 01 06 00 00
 (1769387507.703975)  can0  0CF11E05   [8]  00 00 00 00 19 03 00 00
 (1769387507.737612)  can0  0CF11F05   [8]  00 3B 1E 00 01 06 00 00
 (1769387507.764020)  can0  0CF11E05   [8]  00 00 00 00 19 03 00 00
 (1769387507.795197)  can0  0CF11F05   [8]  00 3B 1E 00 01 06 00 00
 (1769387507.824006)  can0  0CF11E05   [8]  00 00 00 00 19 03 00 00
 (1769387507.857644)  can0  0CF11F05   [8]  00 3B 1E 00 01 06 00 00
 (1769387507.884012)  can0  0CF11E05   [8]  00 00 00 00 19 03 00 00
 (1769387507.915223)  can0  0CF11F05   [8]  00 3B 1E 00 01 06 00 00
 (1769387507.944057)  can0  0CF11E05   [8]  00 00 00 00 18 03 00 00
 (1769387507.977663)  can0  0CF11F05   [8]  00 3B 1E 00 01 06 00 00
 (1769387508.004041)  can0  0CF11E05   [8]  00 00 00 00 19 03 00 00
 (1769387508.035272)  can0  0CF11F05   [8]  00 3B 1E 00 01 06 00 00
 (1769387508.064058)  can0  0CF11E05   [8]  00 00 00 00 18 03 00 00
 (1769387508.097683)  can0  0CF11F05   [8]  00 3B 1E 00 01 06 00 00
 (1769387508.124067)  can0  0CF11E05   [8]  00 00 00 00 18 03 00 00
 (1769387508.155301)  can0  0CF11F05   [8]  00 3B 1E 00 01 06 00 00
 (1769387508.184082)  can0  0CF11E05   [8]  00 00 00 00 18 03 00 00
 (1769387508.217707)  can0  0CF11F05   [8]  00 3B 1E 00 01 06 00 00
 (1769387508.244096)  can0  0CF11E05   [8]  00 00 00 00 19 03 00 00
 (1769387508.275322)  can0  0CF11F05   [8]  00 3B 1E 00 01 06 00 00
 (1769387508.304102)  can0  0CF11E05   [8]  00 00 00 00 19 03 00 00
 (1769387508.337728)  can0  0CF11F05   [8]  00 3B 1E 00 01 06 00 00
 (1769387508.364120)  can0  0CF11E05   [8]  00 00 00 00 18 03 00 00
 (1769387508.395344)  can0  0CF11F05   [8]  00 3B 1E 00 01 06 00 00
 (1769387508.424132)  can0  0CF11E05   [8]  00 00 00 00 18 03 00 00
 (1769387508.457757)  can0  0CF11F05   [8]  00 3B 1E 00 01 06 00 00
 (1769387508.484154)  can0  0CF11E05   [8]  00 00 00 00 19 03 00 00
 (1769387508.515336)  can0  0CF11F05   [8]  00 3B 1E 00 01 06 00 00
 (1769387508.544174)  can0  0CF11E05   [8]  00 00 00 00 18 03 00 00
 (1769387508.577780)  can0  0CF11F05   [8]  00 3B 1E 00 01 06 00 00
 (1769387508.604186)  can0  0CF11E05   [8]  00 00 00 00 18 03 00 00
 (1769387508.635358)  can0  0CF11F05   [8]  00 3B 1E 00 01 06 00 00
 (1769387508.664178)  can0  0CF11E05   [8]  00 00 00 00 18 03 00 00
 (1769387508.697805)  can0  0CF11F05   [8]  00 3B 1E 00 01 06 00 00
 (1769387508.724183)  can0  0CF11E05   [8]  00 00 00 00 18 03 00 00
 (1769387508.755417)  can0  0CF11F05   [8]  00 3B 1E 00 01 06 00 00
 (1769387508.784195)  can0  0CF11E05   [8]  00 00 00 00 18 03 00 00
 (1769387508.817819)  can0  0CF11F05   [8]  00 3B 1E 00 01 06 00 00
 (1769387508.844211)  can0  0CF11E05   [8]  00 00 00 00 18 03 00 00
 (1769387508.875433)  can0  0CF11F05   [8]  00 3B 1E 00 01 06 00 00
 (1769387508.904215)  can0  0CF11E05   [8]  00 00 00 00 18 03 00 00
 (1769387508.937839)  can0  0CF11F05   [8]  00 3B 1E 00 01 06 00 00
 (1769387508.964224)  can0  0CF11E05   [8]  00 00 00 00 19 03 00 00
 (1769387508.995458)  can0  0CF11F05   [8]  00 3B 1E 00 01 06 00 00
 (1769387509.024235)  can0  0CF11E05   [8]  00 00 00 00 19 03 00 00
 (1769387509.057869)  can0  0CF11F05   [8]  00 3B 1E 00 01 06 00 00
 (1769387509.084253)  can0  0CF11E05   [8]  00 00 00 00 18 03 00 00
 (1769387509.115448)  can0  0CF11F05   [8]  00 3B 1E 00 01 06 00 00
 (1769387509.144285)  can0  0CF11E05   [8]  00 00 00 00 18 03 00 00
 (1769387509.177892)  can0  0CF11F05   [8]  00 3B 1E 00 01 06 00 00
 (1769387509.204292)  can0  0CF11E05   [8]  00 00 00 00 18 03 00 00
 (1769387509.235469)  can0  0CF11F05   [8]  00 3B 1E 00 01 06 00 00
 (1769387509.264306)  can0  0CF11E05   [8]  00 00 00 00 19 03 00 00
 (1769387509.297915)  can0  0CF11F05   [8]  00 3B 1E 00 01 06 00 00
 (1769387509.324315)  can0  0CF11E05   [8]  00 00 00 00 18 03 00 00
 (1769387509.355496)  can0  0CF11F05   [8]  00 3B 1E 00 01 06 00 00
 (1769387509.384322)  can0  0CF11E05   [8]  00 00 00 00 18 03 00 00
 (1769387509.417906)  can0  0CF11F05   [8]  00 3B 1E 00 01 06 00 00
 (1769387509.444339)  can0  0CF11E05   [8]  00 00 00 00 19 03 00 00
 (1769387509.475556)  can0  0CF11F05   [8]  00 3B 1E 00 01 06 00 00
 (1769387509.504351)  can0  0CF11E05   [8]  00 00 00 00 19 03 00 00
 (1769387509.537931)  can0  0CF11F05   [8]  00 3B 1E 00 01 06 00 00
 (1769387509.564372)  can0  0CF11E05   [8]  00 00 00 00 18 03 00 00
 (1769387509.595543)  can0  0CF11F05   [8]  00 3B 1E 00 01 06 00 00
 (1769387509.624377)  can0  0CF11E05   [8]  00 00 00 00 18 03 00 00
 (1769387509.657951)  can0  0CF11F05   [8]  00 3B 1E 00 01 06 00 00
 (1769387509.684353)  can0  0CF11E05   [8]  00 00 00 00 19 03 00 00
 (1769387509.715586)  can0  0CF11F05   [8]  00 3B 1E 00 01 06 00 00
 (1769387509.744368)  can0  0CF11E05   [8]  00 00 00 00 19 03 00 00
 (1769387509.777976)  can0  0CF11F05   [8]  00 3B 1E 00 01 06 00 00
 (1769387509.804417)  can0  0CF11E05   [8]  00 00 00 00 18 03 00 00
 (1769387509.835609)  can0  0CF11F05   [8]  00 3B 1E 00 01 06 00 00
 (1769387509.864394)  can0  0CF11E05   [8]  00 00 00 00 18 03 00 00
 (1769387509.898008)  can0  0CF11F05   [8]  00 3B 1E 00 01 06 00 00
 (1769387509.924404)  can0  0CF11E05   [8]  00 00 00 00 19 03 00 00
 (1769387509.955639)  can0  0CF11F05   [8]  00 3B 1E 00 01 06 00 00
 (1769387509.984420)  can0  0CF11E05   [8]  00 00 00 00 18 03 00 00
 (1769387510.018052)  can0  0CF11F05   [8]  00 3B 1E 00 01 06 00 00
 (1769387510.044440)  can0  0CF11E05   [8]  00 00 00 00 18 03 00 00
 (1769387510.075662)  can0  0CF11F05   [8]  00 3B 1E 00 01 06 00 00
 (1769387510.104453)  can0  0CF11E05   [8]  00 00 00 00 18 03 00 00
 (1769387510.138077)  can0  0CF11F05   [8]  00 3B 1E 00 01 06 00 00
 (1769387510.164448)  can0  0CF11E05   [8]  00 00 00 00 19 03 00 00
 (1769387510.195661)  can0  0CF11F05   [8]  00 3B 1E 00 01 06 00 00
 (1769387510.224470)  can0  0CF11E05   [8]  00 00 00 00 19 03 00 00
 (1769387510.258072)  can0  0CF11F05   [8]  00 3B 1E 00 01 06 00 00
 (1769387510.284481)  can0  0CF11E05   [8]  00 00 00 00 19 03 00 00
 (1769387510.315710)  can0  0CF11F05   [8]  00 3B 1E 00 01 06 00 00
 (1769387510.344515)  can0  0CF11E05   [8]  00 00 00 00 19 03 00 00
 (1769387510.378096)  can0  0CF11F05   [8]  00 3B 1E 00 01 06 00 00
 (1769387510.404507)  can0  0CF11E05   [8]  00 00 00 00 18 03 00 00
 (1769387510.435730)  can0  0CF11F05   [8]  00 3B 1E 00 01 06 00 00
 (1769387510.464546)  can0  0CF11E05   [8]  00 00 00 00 18 03 00 00
 (1769387510.498152)  can0  0CF11F05   [8]  00 3B 1E 00 01 06 00 00
 (1769387510.524551)  can0  0CF11E05   [8]  00 00 00 00 19 03 00 00
 (1769387510.555730)  can0  0CF11F05   [8]  00 3B 1E 00 01 06 00 00
 (1769387510.584554)  can0  0CF11E05   [8]  00 00 00 00 19 03 00 00
 (1769387510.618173)  can0  0CF11F05   [8]  00 3B 1E 00 01 06 00 00
 (1769387510.644572)  can0  0CF11E05   [8]  00 00 00 00 18 03 00 00
 (1769387510.675753)  can0  0CF11F05   [8]  00 3B 1E 00 01 06 00 00
 (1769387510.704586)  can0  0CF11E05   [8]  00 00 00 00 18 03 00 00
 (1769387510.738201)  can0  0CF11F05   [8]  00 3B 1E 00 01 06 00 00
 (1769387510.764598)  can0  0CF11E05   [8]  00 00 00 00 18 03 00 00
 (1769387510.795797)  can0  0CF11F05   [8]  00 3B 1E 00 01 06 00 00
 (1769387510.824578)  can0  0CF11E05   [8]  00 00 00 00 18 03 00 00
 (1769387510.858212)  can0  0CF11F05   [8]  00 3B 1E 00 01 06 00 00
 (1769387510.884592)  can0  0CF11E05   [8]  00 00 00 00 18 03 00 00
 (1769387510.915823)  can0  0CF11F05   [8]  00 3B 1E 00 01 06 00 00
 (1769387510.944599)  can0  0CF11E05   [8]  00 00 00 00 19 03 00 00
 (1769387510.978214)  can0  0CF11F05   [8]  00 3B 1E 00 01 06 00 00
 (1769387511.004617)  can0  0CF11E05   [8]  00 00 00 00 18 03 00 00
 (1769387511.035842)  can0  0CF11F05   [8]  00 3B 1E 00 01 06 00 00
 (1769387511.064659)  can0  0CF11E05   [8]  00 00 00 00 19 03 00 00
 (1769387511.098236)  can0  0CF11F05   [8]  00 3B 1E 00 01 06 00 00
 (1769387511.124671)  can0  0CF11E05   [8]  00 00 00 00 18 03 00 00
 (1769387511.155848)  can0  0CF11F05   [8]  00 3B 1E 00 01 06 00 00
 (1769387511.184678)  can0  0CF11E05   [8]  00 00 00 00 18 03 00 00
 (1769387511.218257)  can0  0CF11F05   [8]  00 3B 1E 00 01 06 00 00
 (1769387511.244692)  can0  0CF11E05   [8]  00 00 00 00 18 03 00 00
 (1769387511.275875)  can0  0CF11F05   [8]  00 3B 1E 00 01 06 00 00
 (1769387511.304706)  can0  0CF11E05   [8]  00 00 00 00 18 03 00 00
 (1769387511.338300)  can0  0CF11F05   [8]  00 3B 1E 00 01 06 00 00
 (1769387511.364684)  can0  0CF11E05   [8]  00 00 00 00 18 03 00 00
 (1769387511.395897)  can0  0CF11F05   [8]  00 3B 1E 00 01 06 00 00
 (1769387511.424695)  can0  0CF11E05   [8]  00 00 00 00 18 03 00 00
 (1769387511.458307)  can0  0CF11F05   [8]  00 3B 1E 00 01 06 00 00
 (1769387511.484736)  can0  0CF11E05   [8]  00 00 00 00 19 03 00 00
 (1769387511.515919)  can0  0CF11F05   [8]  00 3B 1E 00 01 06 00 00
 (1769387511.544750)  can0  0CF11E05   [8]  00 00 00 00 18 03 00 00
 (1769387511.578353)  can0  0CF11F05   [8]  00 3B 1E 00 01 06 00 00
 (1769387511.604736)  can0  0CF11E05   [8]  00 00 00 00 18 03 00 00
 (1769387511.635966)  can0  0CF11F05   [8]  00 3B 1E 00 01 06 00 00
 (1769387511.664745)  can0  0CF11E05   [8]  00 00 00 00 19 03 00 00
 (1769387511.698375)  can0  0CF11F05   [8]  00 3B 1E 00 01 06 00 00
 (1769387511.724760)  can0  0CF11E05   [8]  00 00 00 00 18 03 00 00
 (1769387511.756015)  can0  0CF11F05   [8]  00 3B 1E 00 01 06 00 00
 (1769387511.784811)  can0  0CF11E05   [8]  00 00 00 00 19 03 00 00
 (1769387511.818393)  can0  0CF11F05   [8]  00 3B 1E 00 01 06 00 00
 (1769387511.844805)  can0  0CF11E05   [8]  00 00 00 00 18 03 00 00
 (1769387511.876007)  can0  0CF11F05   [8]  00 3B 1E 00 01 06 00 00
 (1769387511.904807)  can0  0CF11E05   [8]  00 00 00 00 18 03 00 00
 (1769387511.938419)  can0  0CF11F05   [8]  00 3B 1E 00 01 06 00 00
 (1769387511.964813)  can0  0CF11E05   [8]  00 00 00 00 19 03 00 00
 (1769387511.996036)  can0  0CF11F05   [8]  00 3B 1E 00 01 06 00 00
 (1769387512.024808)  can0  0CF11E05   [8]  00 00 00 00 19 03 00 00
 (1769387512.058441)  can0  0CF11F05   [8]  00 3B 1E 00 01 06 00 00
 (1769387512.084853)  can0  0CF11E05   [8]  00 00 00 00 18 03 00 00
 (1769387512.116055)  can0  0CF11F05   [8]  00 3B 1E 00 01 06 00 00
 (1769387512.144851)  can0  0CF11E05   [8]  00 00 00 00 18 03 00 00
 (1769387512.178465)  can0  0CF11F05   [8]  00 3B 1E 00 01 06 00 00
 (1769387512.204846)  can0  0CF11E05   [8]  00 00 00 00 19 03 00 00
 (1769387512.236079)  can0  0CF11F05   [8]  00 3B 1E 00 01 06 00 00
 (1769387512.264855)  can0  0CF11E05   [8]  00 00 00 00 19 03 00 00
 (1769387512.298491)  can0  0CF11F05   [8]  00 3B 1E 00 01 06 00 00
 (1769387512.324878)  can0  0CF11E05   [8]  00 00 00 00 18 03 00 00
 (1769387512.356070)  can0  0CF11F05   [8]  00 3B 1E 00 01 06 00 00
 (1769387512.384903)  can0  0CF11E05   [8]  00 00 00 00 18 03 00 00
 (1769387512.418517)  can0  0CF11F05   [8]  00 3B 1E 00 01 06 00 00
 (1769387512.444918)  can0  0CF11E05   [8]  00 00 00 00 18 03 00 00
 (1769387512.476095)  can0  0CF11F05   [8]  00 3B 1E 00 01 06 00 00
 (1769387512.504928)  can0  0CF11E05   [8]  00 00 00 00 18 03 00 00
 (1769387512.538538)  can0  0CF11F05   [8]  00 3B 1E 00 01 06 00 00
 (1769387512.564945)  can0  0CF11E05   [8]  00 00 00 00 18 03 00 00
 (1769387512.596120)  can0  0CF11F05   [8]  00 3B 1E 00 01 06 00 00
 (1769387512.624932)  can0  0CF11E05   [8]  00 00 00 00 18 03 00 00
 (1769387512.658561)  can0  0CF11F05   [8]  00 3B 1E 00 01 06 00 00
 (1769387512.684941)  can0  0CF11E05   [8]  00 00 00 00 18 03 00 00
 (1769387512.716164)  can0  0CF11F05   [8]  00 3B 1E 00 01 06 00 00
 (1769387512.744977)  can0  0CF11E05   [8]  00 00 00 00 19 03 00 00
 (1769387512.778551)  can0  0CF11F05   [8]  00 3B 1E 00 01 06 00 00
 (1769387512.804964)  can0  0CF11E05   [8]  00 00 00 00 18 03 00 00
 (1769387512.836191)  can0  0CF11F05   [8]  00 3B 1E 00 01 06 00 00
 (1769387512.865003)  can0  0CF11E05   [8]  00 00 00 00 18 03 00 00
 (1769387512.898581)  can0  0CF11F05   [8]  00 3B 1E 00 01 06 00 00
 (1769387512.925014)  can0  0CF11E05   [8]  00 00 00 00 19 03 00 00
 (1769387512.956211)  can0  0CF11F05   [8]  00 3B 1E 00 01 06 00 00
 (1769387512.985000)  can0  0CF11E05   [8]  00 00 00 00 18 03 00 00
 (1769387513.018627)  can0  0CF11F05   [8]  00 3B 1E 00 01 06 00 00
 (1769387513.045011)  can0  0CF11E05   [8]  00 00 00 00 19 03 00 00
 (1769387513.076239)  can0  0CF11F05   [8]  00 3B 1E 00 01 06 00 00
 (1769387513.105020)  can0  0CF11E05   [8]  00 00 00 00 19 03 00 00
 (1769387513.138650)  can0  0CF11F05   [8]  00 3B 1E 00 01 06 00 00
 (1769387513.165052)  can0  0CF11E05   [8]  00 00 00 00 18 03 00 00
 (1769387513.196234)  can0  0CF11F05   [8]  00 3B 1E 00 01 06 00 00
 (1769387513.225060)  can0  0CF11E05   [8]  00 00 00 00 19 03 00 00
 (1769387513.258677)  can0  0CF11F05   [8]  00 3B 1E 00 01 06 00 00
 (1769387513.285078)  can0  0CF11E05   [8]  00 00 00 00 18 03 00 00
 (1769387513.316251)  can0  0CF11F05   [8]  00 3B 1E 00 01 06 00 00
 (1769387513.345084)  can0  0CF11E05   [8]  00 00 00 00 19 03 00 00
 (1769387513.378702)  can0  0CF11F05   [8]  00 3B 1E 00 01 06 00 00
 (1769387513.405103)  can0  0CF11E05   [8]  00 00 00 00 18 03 00 00
 (1769387513.436279)  can0  0CF11F05   [8]  00 3B 1E 00 01 06 00 00
 (1769387513.465106)  can0  0CF11E05   [8]  00 00 00 00 19 03 00 00
 (1769387513.498722)  can0  0CF11F05   [8]  00 3B 1E 00 01 06 00 00
 (1769387513.525122)  can0  0CF11E05   [8]  00 00 00 00 19 03 00 00
 (1769387513.556302)  can0  0CF11F05   [8]  00 3B 1E 00 01 06 00 00
 (1769387513.585143)  can0  0CF11E05   [8]  00 00 00 00 18 03 00 00
 (1769387513.618710)  can0  0CF11F05   [8]  00 3B 1E 00 01 06 00 00
 (1769387513.645146)  can0  0CF11E05   [8]  00 00 00 00 18 03 00 00
 (1769387513.676324)  can0  0CF11F05   [8]  00 3B 1E 00 01 06 00 00
 (1769387513.705156)  can0  0CF11E05   [8]  00 00 00 00 19 03 00 00
 (1769387513.738734)  can0  0CF11F05   [8]  00 3B 1E 00 01 06 00 00
 (1769387513.765166)  can0  0CF11E05   [8]  00 00 00 00 19 03 00 00
 (1769387513.796353)  can0  0CF11F05   [8]  00 3B 1E 00 01 06 00 00
 (1769387513.825184)  can0  0CF11E05   [8]  00 00 00 00 18 03 00 00
 (1769387513.858761)  can0  0CF11F05   [8]  00 3B 1E 00 01 06 00 00
 (1769387513.885166)  can0  0CF11E05   [8]  00 00 00 00 18 03 00 00
 (1769387513.916392)  can0  0CF11F05   [8]  00 3B 1E 00 01 06 00 00
 (1769387513.945181)  can0  0CF11E05   [8]  00 00 00 00 18 03 00 00
 (1769387513.978785)  can0  0CF11F05   [8]  00 3B 1E 00 01 06 00 00
 (1769387514.005195)  can0  0CF11E05   [8]  00 00 00 00 18 03 00 00
 (1769387514.036420)  can0  0CF11F05   [8]  00 3B 1E 00 01 06 00 00
 (1769387514.065198)  can0  0CF11E05   [8]  00 00 00 00 18 03 00 00
 (1769387514.098829)  can0  0CF11F05   [8]  00 3B 1E 00 01 06 00 00
 (1769387514.125210)  can0  0CF11E05   [8]  00 00 00 00 19 03 00 00
 (1769387514.156447)  can0  0CF11F05   [8]  00 3B 1E 00 01 06 00 00
 (1769387514.185220)  can0  0CF11E05   [8]  00 00 00 00 19 03 00 00
 (1769387514.218850)  can0  0CF11F05   [8]  00 3B 1E 00 01 06 00 00
 (1769387514.245235)  can0  0CF11E05   [8]  00 00 00 00 18 03 00 00
 (1769387514.276468)  can0  0CF11F05   [8]  00 3B 1E 00 01 06 00 00
 (1769387514.305248)  can0  0CF11E05   [8]  00 00 00 00 18 03 00 00
 (1769387514.338876)  can0  0CF11F05   [8]  00 3B 1E 00 01 06 00 00
 (1769387514.365258)  can0  0CF11E05   [8]  00 00 00 00 18 03 00 00
 (1769387514.396486)  can0  0CF11F05   [8]  00 3B 1E 00 01 06 00 00
 (1769387514.425274)  can0  0CF11E05   [8]  00 00 00 00 18 03 00 00
 (1769387514.458897)  can0  0CF11F05   [8]  00 3B 1E 00 01 06 00 00
 (1769387514.485302)  can0  0CF11E05   [8]  00 00 00 00 18 03 00 00
 (1769387514.516511)  can0  0CF11F05   [8]  00 3B 1E 00 01 06 00 00
 (1769387514.545293)  can0  0CF11E05   [8]  00 00 00 00 18 03 00 00
 (1769387514.578918)  can0  0CF11F05   [8]  00 3B 1E 00 01 06 00 00
 (1769387514.605306)  can0  0CF11E05   [8]  00 00 00 00 18 03 00 00
 (1769387514.636540)  can0  0CF11F05   [8]  00 3B 1E 00 01 06 00 00
 (1769387514.665311)  can0  0CF11E05   [8]  00 00 00 00 19 03 00 00
 (1769387514.698950)  can0  0CF11F05   [8]  00 3B 1E 00 01 06 00 00
 (1769387514.725348)  can0  0CF11E05   [8]  00 00 00 00 18 03 00 00
 (1769387514.756559)  can0  0CF11F05   [8]  00 3B 1E 00 01 06 00 00
 (1769387514.785363)  can0  0CF11E05   [8]  00 00 00 00 18 03 00 00
 (1769387514.818972)  can0  0CF11F05   [8]  00 3B 1E 00 01 06 00 00
 (1769387514.845375)  can0  0CF11E05   [8]  00 00 00 00 18 03 00 00
 (1769387514.876547)  can0  0CF11F05   [8]  00 3B 1E 00 01 06 00 00
 (1769387514.905384)  can0  0CF11E05   [8]  00 00 00 00 19 03 00 00
 (1769387514.938994)  can0  0CF11F05   [8]  00 3B 1E 00 01 06 00 00
 (1769387514.965389)  can0  0CF11E05   [8]  00 00 00 00 19 03 00 00
 (1769387514.996575)  can0  0CF11F05   [8]  00 3B 1E 00 01 06 00 00
 (1769387515.025381)  can0  0CF11E05   [8]  00 00 00 00 18 03 00 00
 (1769387515.059018)  can0  0CF11F05   [8]  00 3B 1E 00 01 06 00 00
 (1769387515.085390)  can0  0CF11E05   [8]  00 00 00 00 18 03 00 00
 (1769387515.116615)  can0  0CF11F05   [8]  00 3B 1E 00 01 06 00 00
 (1769387515.145430)  can0  0CF11E05   [8]  00 00 00 00 18 03 00 00
 (1769387515.179043)  can0  0CF11F05   [8]  00 3B 1E 00 01 06 00 00
 (1769387515.205419)  can0  0CF11E05   [8]  00 00 00 00 18 03 00 00
 (1769387515.236643)  can0  0CF11F05   [8]  00 3B 1E 00 01 06 00 00
 (1769387515.265452)  can0  0CF11E05   [8]  00 00 00 00 19 03 00 00
 (1769387515.299033)  can0  0CF11F05   [8]  00 3B 1E 00 01 06 00 00
 (1769387515.325436)  can0  0CF11E05   [8]  00 00 00 00 18 03 00 00
 (1769387515.356672)  can0  0CF11F05   [8]  00 3B 1E 00 01 06 00 00
 (1769387515.385479)  can0  0CF11E05   [8]  00 00 00 00 19 03 00 00
 (1769387515.419058)  can0  0CF11F05   [8]  00 3B 1E 00 01 06 00 00
 (1769387515.445496)  can0  0CF11E05   [8]  00 00 00 00 18 03 00 00
 (1769387515.476740)  can0  0CF11F05   [8]  00 3B 1E 00 01 06 00 00
 (1769387515.505476)  can0  0CF11E05   [8]  00 00 00 00 18 03 00 00
 (1769387515.539111)  can0  0CF11F05   [8]  00 3B 1E 00 01 06 00 00
 (1769387515.565493)  can0  0CF11E05   [8]  00 00 00 00 18 03 00 00
 (1769387515.596723)  can0  0CF11F05   [8]  00 3B 1E 00 01 06 00 00
 (1769387515.625501)  can0  0CF11E05   [8]  00 00 00 00 18 03 00 00
 (1769387515.659135)  can0  0CF11F05   [8]  00 3B 1E 00 01 06 00 00
 (1769387515.685514)  can0  0CF11E05   [8]  00 00 00 00 18 03 00 00
 (1769387515.716748)  can0  0CF11F05   [8]  00 3B 1E 00 01 06 00 00
 (1769387515.745542)  can0  0CF11E05   [8]  00 00 00 00 19 03 00 00
 (1769387515.779154)  can0  0CF11F05   [8]  00 3B 1E 00 01 06 00 00
 (1769387515.805542)  can0  0CF11E05   [8]  00 00 00 00 18 03 00 00
 (1769387515.836774)  can0  0CF11F05   [8]  00 3B 1E 00 01 06 00 00
 (1769387515.865553)  can0  0CF11E05   [8]  00 00 00 00 18 03 00 00
 (1769387515.899182)  can0  0CF11F05   [8]  00 3B 1E 00 01 06 00 00
 (1769387515.925574)  can0  0CF11E05   [8]  00 00 00 00 18 03 00 00
 (1769387515.956757)  can0  0CF11F05   [8]  00 3B 1E 00 01 06 00 00
 (1769387515.985589)  can0  0CF11E05   [8]  00 00 00 00 18 03 00 00
 (1769387516.019208)  can0  0CF11F05   [8]  00 3B 1E 00 01 06 00 00
 (1769387516.045588)  can0  0CF11E05   [8]  00 00 00 00 18 03 00 00
 (1769387516.076841)  can0  0CF11F05   [8]  00 3B 1E 00 01 06 00 00
 (1769387516.105594)  can0  0CF11E05   [8]  00 00 00 00 19 03 00 00
 (1769387516.139223)  can0  0CF11F05   [8]  00 3B 1E 00 01 06 00 00
 (1769387516.165627)  can0  0CF11E05   [8]  00 00 00 00 18 03 00 00
 (1769387516.196862)  can0  0CF11F05   [8]  00 3B 1E 00 01 06 00 00
 (1769387516.225636)  can0  0CF11E05   [8]  00 00 00 00 18 03 00 00
 (1769387516.259219)  can0  0CF11F05   [8]  00 3B 1E 00 01 06 00 00
 (1769387516.285644)  can0  0CF11E05   [8]  00 00 00 00 19 03 00 00
 (1769387516.316865)  can0  0CF11F05   [8]  00 3B 1E 00 01 06 00 00
 (1769387516.345665)  can0  0CF11E05   [8]  00 00 00 00 19 03 00 00
 (1769387516.379245)  can0  0CF11F05   [8]  00 3B 1E 00 01 06 00 00
 (1769387516.405683)  can0  0CF11E05   [8]  00 00 00 00 18 03 00 00
 (1769387516.436876)  can0  0CF11F05   [8]  00 3B 1E 00 01 06 00 00
 (1769387516.465653)  can0  0CF11E05   [8]  00 00 00 00 19 03 00 00
 (1769387516.499286)  can0  0CF11F05   [8]  00 3B 1E 00 01 06 00 00
 (1769387516.525662)  can0  0CF11E05   [8]  00 00 00 00 19 03 00 00
 (1769387516.556897)  can0  0CF11F05   [8]  00 3B 1E 00 01 06 00 00
 (1769387516.585681)  can0  0CF11E05   [8]  00 00 00 00 18 03 00 00
 (1769387516.619290)  can0  0CF11F05   [8]  00 3B 1E 00 01 06 00 00
 (1769387516.645690)  can0  0CF11E05   [8]  00 00 00 00 19 03 00 00
 (1769387516.676916)  can0  0CF11F05   [8]  00 3B 1E 00 01 06 00 00
 (1769387516.705699)  can0  0CF11E05   [8]  00 00 00 00 19 03 00 00
 (1769387516.739330)  can0  0CF11F05   [8]  00 3B 1E 00 01 06 00 00
 (1769387516.765748)  can0  0CF11E05   [8]  00 00 00 00 18 03 00 00
 (1769387516.796947)  can0  0CF11F05   [8]  00 3B 1E 00 01 06 00 00
 (1769387516.825718)  can0  0CF11E05   [8]  00 00 00 00 18 03 00 00
 (1769387516.859365)  can0  0CF11F05   [8]  00 3B 1E 00 01 06 00 00
 (1769387516.885740)  can0  0CF11E05   [8]  00 00 00 00 19 03 00 00
 (1769387516.916969)  can0  0CF11F05   [8]  00 3B 1E 00 01 06 00 00
 (1769387516.945763)  can0  0CF11E05   [8]  00 00 00 00 18 03 00 00
 (1769387516.979380)  can0  0CF11F05   [8]  00 3B 1E 00 01 06 00 00
 (1769387517.005765)  can0  0CF11E05   [8]  00 00 00 00 18 03 00 00
 (1769387517.036961)  can0  0CF11F05   [8]  00 3B 1E 00 01 06 00 00
 (1769387517.065795)  can0  0CF11E05   [8]  00 00 00 00 19 03 00 00
 (1769387517.099408)  can0  0CF11F05   [8]  00 3B 1E 00 01 06 00 00
 (1769387517.125805)  can0  0CF11E05   [8]  00 00 00 00 19 03 00 00
 (1769387517.156985)  can0  0CF11F05   [8]  00 3B 1E 00 01 06 00 00
 (1769387517.185825)  can0  0CF11E05   [8]  00 00 00 00 18 03 00 00
 (1769387517.219437)  can0  0CF11F05   [8]  00 3B 1E 00 01 06 00 00
 (1769387517.245831)  can0  0CF11E05   [8]  00 00 00 00 18 03 00 00
 (1769387517.277015)  can0  0CF11F05   [8]  00 3B 1E 00 01 06 00 00
 (1769387517.305846)  can0  0CF11E05   [8]  00 00 00 00 18 03 00 00
 (1769387517.339423)  can0  0CF11F05   [8]  00 3B 1E 00 01 06 00 00
 (1769387517.365859)  can0  0CF11E05   [8]  00 00 00 00 18 03 00 00
 (1769387517.397038)  can0  0CF11F05   [8]  00 3B 1E 00 01 06 00 00
 (1769387517.425869)  can0  0CF11E05   [8]  00 00 00 00 19 03 00 00
 (1769387517.459465)  can0  0CF11F05   [8]  00 3B 1E 00 01 06 00 00
 (1769387517.485884)  can0  0CF11E05   [8]  00 00 00 00 18 03 00 00
 (1769387517.517057)  can0  0CF11F05   [8]  00 3B 1E 00 01 06 00 00
 (1769387517.545870)  can0  0CF11E05   [8]  00 00 00 00 18 03 00 00
 (1769387517.579500)  can0  0CF11F05   [8]  00 3B 1E 00 01 06 00 00
 (1769387517.605908)  can0  0CF11E05   [8]  00 00 00 00 18 03 00 00
 (1769387517.637085)  can0  0CF11F05   [8]  00 3B 1E 00 01 06 00 00
 (1769387517.665889)  can0  0CF11E05   [8]  00 00 00 00 19 03 00 00
 (1769387517.699524)  can0  0CF11F05   [8]  00 3B 1E 00 01 06 00 00
 (1769387517.725886)  can0  0CF11E05   [8]  00 00 00 00 19 03 00 00
 (1769387517.757106)  can0  0CF11F05   [8]  00 3B 1E 00 01 06 00 00
 (1769387517.785931)  can0  0CF11E05   [8]  00 00 00 00 19 03 00 00
 (1769387517.819536)  can0  0CF11F05   [8]  00 3B 1E 00 01 06 00 00
 (1769387517.845922)  can0  0CF11E05   [8]  00 00 00 00 19 03 00 00
 (1769387517.877159)  can0  0CF11F05   [8]  00 3B 1E 00 01 06 00 00
 (1769387517.905937)  can0  0CF11E05   [8]  00 00 00 00 18 03 00 00
 (1769387517.939563)  can0  0CF11F05   [8]  00 3B 1E 00 01 06 00 00
 (1769387517.965947)  can0  0CF11E05   [8]  00 00 00 00 18 03 00 00
 (1769387517.997176)  can0  0CF11F05   [8]  00 3B 1E 00 01 06 00 00
 (1769387518.025977)  can0  0CF11E05   [8]  00 00 00 00 19 03 00 00
 (1769387518.059588)  can0  0CF11F05   [8]  00 3B 1E 00 01 06 00 00
 (1769387518.085989)  can0  0CF11E05   [8]  00 00 00 00 19 03 00 00
 (1769387518.117166)  can0  0CF11F05   [8]  00 3B 1E 00 01 06 00 00
 (1769387518.145999)  can0  0CF11E05   [8]  00 00 00 00 18 03 00 00
 (1769387518.179616)  can0  0CF11F05   [8]  00 3B 1E 00 01 06 00 00
 (1769387518.206009)  can0  0CF11E05   [8]  00 00 00 00 18 03 00 00
 (1769387518.237229)  can0  0CF11F05   [8]  00 3B 1E 00 01 06 00 00
 (1769387518.266026)  can0  0CF11E05   [8]  00 00 00 00 18 03 00 00
 (1769387518.299634)  can0  0CF11F05   [8]  00 3B 1E 00 01 06 00 00
 (1769387518.326039)  can0  0CF11E05   [8]  00 00 00 00 19 03 00 00
 (1769387518.357213)  can0  0CF11F05   [8]  00 3B 1E 00 01 06 00 00
 (1769387518.386049)  can0  0CF11E05   [8]  00 00 00 00 18 03 00 00
 (1769387518.419661)  can0  0CF11F05   [8]  00 3B 1E 00 01 06 00 00
 (1769387518.446063)  can0  0CF11E05   [8]  00 00 00 00 18 03 00 00
 (1769387518.477237)  can0  0CF11F05   [8]  00 3B 1E 00 01 06 00 00
 (1769387518.506073)  can0  0CF11E05   [8]  00 00 00 00 18 03 00 00
 (1769387518.539651)  can0  0CF11F05   [8]  00 3B 1E 00 01 06 00 00
 (1769387518.566084)  can0  0CF11E05   [8]  00 00 00 00 19 03 00 00
 (1769387518.597284)  can0  0CF11F05   [8]  00 3B 1E 00 01 06 00 00
 (1769387518.626069)  can0  0CF11E05   [8]  00 00 00 00 18 03 00 00
 (1769387518.659691)  can0  0CF11F05   [8]  00 3B 1E 00 01 06 00 00
 (1769387518.686080)  can0  0CF11E05   [8]  00 00 00 00 18 03 00 00
 (1769387518.717287)  can0  0CF11F05   [8]  00 3B 1E 00 01 06 00 00
 (1769387518.746090)  can0  0CF11E05   [8]  00 00 00 00 18 03 00 00
 (1769387518.779700)  can0  0CF11F05   [8]  00 3B 1E 00 01 06 00 00
 (1769387518.806100)  can0  0CF11E05   [8]  00 00 00 00 18 03 00 00
 (1769387518.837316)  can0  0CF11F05   [8]  00 3B 1E 00 01 06 00 00
 (1769387518.866145)  can0  0CF11E05   [8]  00 00 00 00 19 03 00 00
 (1769387518.899724)  can0  0CF11F05   [8]  00 3B 1E 00 01 06 00 00
 (1769387518.926121)  can0  0CF11E05   [8]  00 00 00 00 18 03 00 00
 (1769387518.957353)  can0  0CF11F05   [8]  00 3B 1E 00 01 06 00 00
 (1769387518.986138)  can0  0CF11E05   [8]  00 00 00 00 18 03 00 00
 (1769387519.019748)  can0  0CF11F05   [8]  00 3B 1E 00 01 06 00 00
 (1769387519.046151)  can0  0CF11E05   [8]  00 00 00 00 18 03 00 00
 (1769387519.077380)  can0  0CF11F05   [8]  00 3B 1E 00 01 06 00 00
 (1769387519.106165)  can0  0CF11E05   [8]  00 00 00 00 18 03 00 00
 (1769387519.139791)  can0  0CF11F05   [8]  00 3B 1E 00 01 06 00 00
 (1769387519.166174)  can0  0CF11E05   [8]  00 00 00 00 18 03 00 00
 (1769387519.197404)  can0  0CF11F05   [8]  00 3B 1E 00 01 06 00 00
 (1769387519.226189)  can0  0CF11E05   [8]  00 00 00 00 18 03 00 00
 (1769387519.259812)  can0  0CF11F05   [8]  00 3B 1E 00 01 06 00 00
 (1769387519.286197)  can0  0CF11E05   [8]  00 00 00 00 19 03 00 00
 (1769387519.317428)  can0  0CF11F05   [8]  00 3B 1E 00 01 06 00 00
 (1769387519.346205)  can0  0CF11E05   [8]  00 00 00 00 19 03 00 00
 (1769387519.379840)  can0  0CF11F05   [8]  00 3B 1E 00 01 06 00 00
 (1769387519.406219)  can0  0CF11E05   [8]  00 00 00 00 19 03 00 00
 (1769387519.437457)  can0  0CF11F05   [8]  00 3B 1E 00 01 06 00 00
 (1769387519.466235)  can0  0CF11E05   [8]  00 00 00 00 18 03 00 00
 (1769387519.499863)  can0  0CF11F05   [8]  00 3B 1E 00 01 06 00 00
 (1769387519.526247)  can0  0CF11E05   [8]  00 00 00 00 18 03 00 00
 (1769387519.557465)  can0  0CF11F05   [8]  00 3B 1E 00 01 06 00 00
 (1769387519.586251)  can0  0CF11E05   [8]  00 00 00 00 19 03 00 00
 (1769387519.619879)  can0  0CF11F05   [8]  00 3B 1E 00 01 06 00 00
 (1769387519.646267)  can0  0CF11E05   [8]  00 00 00 00 19 03 00 00
 (1769387519.677500)  can0  0CF11F05   [8]  00 3B 1E 00 01 06 00 00
 (1769387519.706277)  can0  0CF11E05   [8]  00 00 00 00 19 03 00 00
 (1769387519.739910)  can0  0CF11F05   [8]  00 3B 1E 00 01 06 00 00
 (1769387519.766293)  can0  0CF11E05   [8]  00 00 00 00 18 03 00 00
 (1769387519.797523)  can0  0CF11F05   [8]  00 3B 1E 00 01 06 00 00
 (1769387519.826304)  can0  0CF11E05   [8]  00 00 00 00 18 03 00 00
 (1769387519.859930)  can0  0CF11F05   [8]  00 3B 1E 00 01 06 00 00
 (1769387519.886319)  can0  0CF11E05   [8]  00 00 00 00 18 03 00 00
 (1769387519.917538)  can0  0CF11F05   [8]  00 3B 1E 00 01 06 00 00
 (1769387519.946344)  can0  0CF11E05   [8]  00 00 00 00 18 03 00 00
 (1769387519.979955)  can0  0CF11F05   [8]  00 3B 1E 00 01 06 00 00
 (1769387520.006332)  can0  0CF11E05   [8]  00 00 00 00 18 03 00 00
 (1769387520.037544)  can0  0CF11F05   [8]  00 3B 1E 00 01 06 00 00
 (1769387520.066370)  can0  0CF11E05   [8]  00 00 00 00 18 03 00 00
 (1769387520.099946)  can0  0CF11F05   [8]  00 3B 1E 00 01 06 00 00
 (1769387520.126354)  can0  0CF11E05   [8]  00 00 00 00 19 03 00 00
 (1769387520.157552)  can0  0CF11F05   [8]  00 3B 1E 00 01 06 00 00
 (1769387520.186366)  can0  0CF11E05   [8]  00 00 00 00 18 03 00 00
 (1769387520.219994)  can0  0CF11F05   [8]  00 3B 1E 00 01 06 00 00
 (1769387520.246407)  can0  0CF11E05   [8]  00 00 00 00 18 03 00 00
 (1769387520.277585)  can0  0CF11F05   [8]  00 3B 1E 00 01 06 00 00
 (1769387520.306418)  can0  0CF11E05   [8]  00 00 00 00 18 03 00 00
 (1769387520.339992)  can0  0CF11F05   [8]  00 3B 1E 00 01 06 00 00
 (1769387520.366426)  can0  0CF11E05   [8]  00 00 00 00 19 03 00 00
 (1769387520.397639)  can0  0CF11F05   [8]  00 3B 1E 00 01 06 00 00
 (1769387520.426452)  can0  0CF11E05   [8]  00 00 00 00 18 03 00 00
 (1769387520.460045)  can0  0CF11F05   [8]  00 3B 1E 00 01 06 00 00
 (1769387520.486446)  can0  0CF11E05   [8]  00 00 00 00 18 03 00 00
 (1769387520.517622)  can0  0CF11F05   [8]  00 3B 1E 00 01 06 00 00
 (1769387520.546455)  can0  0CF11E05   [8]  00 00 00 00 19 03 00 00
 (1769387520.580041)  can0  0CF11F05   [8]  00 3B 1E 00 01 06 00 00
 (1769387520.606479)  can0  0CF11E05   [8]  00 00 00 00 18 03 00 00
 (1769387520.637660)  can0  0CF11F05   [8]  00 3B 1E 00 01 06 00 00
